"title","price","url"
"Foot Thongs Shoe Insole Forefoot Pad Dance Supplies Five-Hole Dance Toe Pad 6T","$2.58 to $2.63","https://www.ebay.com/itm/Foot-Thongs-Shoe-Insole-Forefoot-Pad-Dance-Supplies-Five-Hole-Dance-Toe-Pad-6T/383577873776?hash=item594f05dd70:m:maKOgipXMeU9QXbEqkpQjyQ"
"Cute Baby Kids Girls Tutu Skirt Princess Dressup Party Costume Ballet Dancewear","$3.69 to $7.11","https://www.ebay.com/itm/Cute-Baby-Kids-Girls-Tutu-Skirt-Princess-Dressup-Party-Costume-Ballet-Dancewear/253673486058?hash=item3b101e36ea:m:mCrXjC6QMfcQSW1T8R0FlHQ"
"Ballet Belly Dance Five Holes Half Socks Forefoot Cushion Protective Foot Pad GL","$7.67 to $7.68","https://www.ebay.com/itm/Ballet-Belly-Dance-Five-Holes-Half-Socks-Forefoot-Cushion-Protective-Foot-Pad-GL/402047698513?hash=item5d9be90651:m:mDxgcpRllH9fWbNLCZBo3lg"
"Ballet Belly Dance Five Holes Half Socks Forefoot Cushion Protective Foot Pad SR","$7.78 to $7.80","https://www.ebay.com/itm/Ballet-Belly-Dance-Five-Holes-Half-Socks-Forefoot-Cushion-Protective-Foot-Pad-SR/202886946766?hash=item2f3d011fce:m:mT5K8UgJ9dwANY7MU3Edz8Q"
"NWOT Five Dancewear Adult Small Dance Banded Booty Shorts Navy Green White","$9.99","https://www.ebay.com/itm/NWOT-Five-Dancewear-Adult-Small-Dance-Banded-Booty-Shorts-Navy-Green-White/264733502228?hash=item3da358ab14:g:NHcAAOSwNWxewORN"
"Nine To Five Dance Costume Jumpsuit & Tie Tap Tuxedo Clearance Child X-Small","$12.95","https://www.ebay.com/itm/Nine-To-Five-Dance-Costume-Jumpsuit-Tie-Tap-Tuxedo-Clearance-Child-X-Small/202785870969?hash=item2f36fad479:g:WrUAAOSwTM5Y0C-F"
"five dancewear Medium Adult Black And White Knot Top","$16.50","https://www.ebay.com/itm/five-dancewear-Medium-Adult-Black-And-White-Knot-Top/254615549698?hash=item3b4844f702:g:z30AAOSwZtpe1tkd"
"EUC Five Dancewear Retired Hooded Crop Net Top Black Adult PA Dance","$34.00","https://www.ebay.com/itm/EUC-Five-Dancewear-Retired-Hooded-Crop-Net-Top-Black-Adult-PA-Dance/264399783837?hash=item3d8f74879d:g:QeUAAOSwCg9dLWc7&_trkparms=ispr%3D1&checksum=2643997838376ffc9e85a41c4993802312f29d5ff2a9&enc=AQAEAAACYIQvEcHUrT7nmUC3yY5qbPyaBN1nJEDYW8MyypsJPgXKbpGVenk0QxwqJ7mBcQFMD53NyNbPoI77SPm9ADYUYVuaEaS0eFSlCspodAHqmHvj7XX9GKGO6JWtYybhyx1dCS2G4BmJdxQC0j3oTi76L0a%2BSReky79otG3YPQOEB%2BoNMwIpMXg95aLkwHmFmoCoP5PvMtfPTxo624G%2F7Ad5TVYgdMbGyGvR6ZEhya4fMdGqd9klOBfOwiR7iymaC8fwv1xV2GIbBLHVFhUguW9nXa1R3l2fNkBL5ExRe8y%2BJPaoUEE08LAPx63rzLd7KQBYwgPKKB%2BGWD16EmZNvuyZ%2B7LMhVhuDvoq%2BK63FcY9seSq1KRBqcY5PpxnRUnrl5TRyaItZ5Y8xWyXvn4An%2FhFoCfmMT8przZC7vraYOho7X28fkm8qo%2BKzY0imPuIIOkv9ykTX5N6srCcswzJB%2FmVYveMY6JDOnH8LZeQ65OnHA7pmavjgzhXhK8BgpG3eOWv38mXJsO2jCuZBPlW2%2FbPFHz4azHEGqEocpBKaPpMIHVwp1ju%2FD2fwm3n7cxmsd7YMYuxLCIVP28YbSDuwWXQtDYQ1YeN3ym3hdC72BBTGh2oaWYF5zbqexxN8SyvAYRf7YZ02Sat8dSOlfBUHrsK0%2Fqscyf0eMk9LaJTYH1f24FqprZQk9%2Fp9TtwTz8t8lgOuPtxei35nI3Z7etKPzDeYbOBSXK8aQ2JKOumJKDip%2BxqG%2Bz5YE9NNGBIJVI1JcC1yaVewvJ0pryspR1XJGF8CFDE9EHypjVrDCM41ISlOxuu"
"New Five Dancewear Retired Hooded Net Top Black Adult PM Dance","$43.00","https://www.ebay.com/itm/New-Five-Dancewear-Retired-Hooded-Net-Top-Black-Adult-PM-Dance/264399779644?hash=item3d8f74773c:g:QeUAAOSwCg9dLWc7&_trkparms=ispr%3D1&checksum=2643997796446ffc9e85a41c4993802312f29d5ff2a9&enc=AQAEAAACYIQvEcHUrT7nmUC3yY5qbPyaBN1nJEDYW8MyypsJPgXKbpGVenk0QxwqJ7mBcQFMD9I6KljUr1ZiXH3f03XFNLuv%2Bl4tI1GJvP%2BNjsr40hr3yv45Y97MyyZbpdkK33lSDkPI27sMGGzq0nAWX6aGkRHRD0G3gaDwthZugEyl4wsRX4GKKfzj33GKbrGCv185DFOtq1%2BF%2BXM7g2p0LAijexqeqSXVav7%2F31BD9s2d9EncgGPdN5CStnf1WD8fjG9U9WG6KMSe66AqZXUjZuIr3ezU%2F3KUsi6DeQOKLhlt9CUmfIPk7ubdxjPJs5JaWno9Z%2BddjspwMLK7c0VdYIlgMRqE0%2B1i%2F4TG5JEZvaU%2Fpmh40adqY8er9OcHA1Rx8A1yj%2FXkx6R04u9gDiXhL94kgbw%2B%2FCtijzaW%2BQsD6L399RZNpheNjk1V9UveF%2FSnOgnX2EP5%2B20BnxZ5nTgpCwznQI2Yvvyl7YCwBx6%2FkM4r3rrq%2BS7v3FSha%2BNmnz%2BzWaOvqUZLk3C8yQo06oHYFyvXD5CAGbru8H5Z4lvotyhmBKDwnMQb6ooh4pFD5TpE6uTXd4plqvYheG%2B2BkKwe3PuzwBW8Sw3P65N43wpBTHviIO3%2FlPXwo%2FTrTSUHWMGms8%2BZnUfiLqxJExUJhqpPuIzKutQH%2B2yafpkXr7oJ1PPtmnlmQPC8bw2OBx6TsDQf5j9PUPDY0Y7bnI1puDaSztXt%2Fyzuz0NuYDj22mo5sNL3J7xX9y7J37DdtMKeDMOg%2Bpu7dzeAhNB0S9hSbCyWJTRnP6HWAfiiQcn9AplPsgQihtt"
"Five Dancewear Illusions Leotard Black NEW","$59.00","https://www.ebay.com/itm/Five-Dancewear-Illusions-Leotard-Black-NEW/254372153446?hash=item3b39c30866:m:mEvaWOtaKn-0vTc0k6nkRZQ&_trkparms=ispr%3D1&checksum=2543721534466ffc9e85a41c4993802312f29d5ff2a9&enc=AQAEAAACYIQvEcHUrT7nmUC3yY5qbPyaBN1nJEDYW8MyypsJPgXKBMsgxzC%2B4AcufPIrJqKaAKU1z543E3PqZ610YVlKGqGPHsq41FoX4dqul8zDkn52uZ57dMkxyWANfBQ4FA5DSKX3xWC2FjAZTKNOKF7uTlTbrH2Rk7atPGBjHGmh2gtEMLax6N0kjO2MbctHDcoum07uuFO2NZsDHoE4kqBvvXKGXSftDI5ahRLAne%2Fq4mL136QLco4Q%2BqP%2BAkDORHn38Io3PdwWJ01vd44RM6SCk2XtClQ6YMUGOblwbdvF%2Buzt8yGF63ll33FaAQJuklaT3v%2BHbMFMRbBU%2F43G2kRocU%2B5v90LZFfyxLzvIZ%2F%2FRLreJPNg6AJoHVQXn5uTBS6fvU6mvMhzcrgVcIfTKLfKEHY5iUbkuG%2BnifS%2BN9%2F6U1ggadIhzrf94ygTXEq7ncHOBeoPbtVK1hkbwoBATAqE8w%2BljhLZSxZbUmBAUiNHHULC3EfXSEqpPqel00cfJlcV78x5wiodpmRw4t7FFAqWt2YVY%2BT%2BdMn5TrKPYx%2F5y15dE9IMEgSSiHI3%2FbN710OE45sa1RPPCCKw1w6%2FGvUDXFrVqgHk6OlzdwDBM9rutKH%2FW%2Fdjvb1TEUSlCTHo%2BsXR52N7E%2BhLVoTJUS93Ia2QwWhDgBUqGzHHjohY2KNfMIU1QRbU%2FRdp9BQmKFEC7gA4boed%2B6KQpx26V54JAmj09jIGKjxcFdRASbNxT2w4Jg7kYhZT%2FdTKRiFid%2BJ6c4S6EMJfLxqe6uclJPWStzSiw6jbbuvylHN47gJApnCTuGf3"
"Five Guys Named Moe Dance Costume Tuxedo Leotard & Pants Child X-Large Fits CL","$14.95","https://www.ebay.com/itm/Five-Guys-Named-Moe-Dance-Costume-Tuxedo-Leotard-Pants-Child-X-Large-Fits-CL/202785892044?hash=item2f36fb26cc:g:cJMAAOSw7tVa3366"
"Five Guys Named Moe Dance Costume Tuxedo Leotard & Pants Child Large Fits CM","$14.95","https://www.ebay.com/itm/Five-Guys-Named-Moe-Dance-Costume-Tuxedo-Leotard-Pants-Child-Large-Fits-CM/133181993671?hash=item1f0243f2c7:g:cJMAAOSw7tVa3366"
"Lot Of Five New Shopping Totes","$16.00","https://www.ebay.com/itm/Lot-Of-Five-New-Shopping-Totes/293607406133?hash=item445c5d7a35:g:cjQAAOSwLrle3vT2"
"HAND MADE BELLY DANCE 100% SILK VEILS five colors veils FREE SHIPPING + BAG","$23.99","https://www.ebay.com/itm/HAND-MADE-BELLY-DANCE-100-SILK-VEILS-five-colors-veils-FREE-SHIPPING-BAG/231530661467?hash=item35e84d865b:g:jTYAAOxyD9JR~T-K"
"+CARRY BAG HAND MADE BELLY DANCE 100% SILK VEILS (5.0 M/M) 1.14M*2.7M MULTICOLOR","$20.46 to $27.58","https://www.ebay.com/itm/CARRY-BAG-HAND-MADE-BELLY-DANCE-100-SILK-VEILS-5-0-M-M-1-14M-2-7M-MULTICOLOR/222551377554?hash=item33d1188692:m:mgj0xUCln6BBzyfmTe9WC2Q"
"+CARRY BAG BELLY DANCE 100% SILK VEILS (5.0 M/M) 1.14M*2.7M MULTICOLOR 6899","$20.46 to $27.58","https://www.ebay.com/itm/CARRY-BAG-BELLY-DANCE-100-SILK-VEILS-5-0-M-M-1-14M-2-7M-MULTICOLOR-6899/263051350531?hash=item3d3f151203:m:mot8syGvw6G-zoNBP8DJPjQ"
"+ carry bag BELLY DANCE 100% SILK VEILS (5.0 M/M) five colors veils 999","$24.02","https://www.ebay.com/itm/carry-bag-BELLY-DANCE-100-SILK-VEILS-5-0-M-M-five-colors-veils-999/252068488231?hash=item3ab073e427:g:JXwAAOSwQItT0sqj"
"+ CARRY BAG BELLY DANCE 100% SILK VEILS (5.0 M/M) five colors veils FREE BAG","$24.02","https://www.ebay.com/itm/CARRY-BAG-BELLY-DANCE-100-SILK-VEILS-5-0-M-M-five-colors-veils-FREE-BAG/262019063179?hash=item3d018d9d8b:g:C2AAAOSwq7JT0sdf"
"Velvet Wine Ballet Dance Costume Lt Pink Five Tier Tutu Girls Small Child","$19.99","https://www.ebay.com/itm/Velvet-Wine-Ballet-Dance-Costume-Lt-Pink-Five-Tier-Tutu-Girls-Small-Child/302234284496?hash=item465e9131d0:g:LRgAAOSw2gxYsHIx"
"Five Point Sleeve Moderate Back Lace Ballet Dance Bodysuits","$25.97","https://www.ebay.com/itm/Five-Point-Sleeve-Moderate-Back-Lace-Ballet-Dance-Bodysuits/283287887298?hash=item41f5461dc2:m:mwtDIWE4d-HZFpLfmEEv90A"
"Five Point Sleeve Moderate Back Lace Ballet Dance Bodysuits","$25.97","https://www.ebay.com/itm/Five-Point-Sleeve-Moderate-Back-Lace-Ballet-Dance-Bodysuits/283287887298?hash=item41f5461dc2:m:mwtDIWE4d-HZFpLfmEEv90A"
"HAND MADE BELLY DANCE 100% SILK VEILS five colors veils +CARRY BAG 566","$26.85","https://www.ebay.com/itm/HAND-MADE-BELLY-DANCE-100-SILK-VEILS-five-colors-veils-CARRY-BAG-566/332261235337?hash=item4d5c501a89:g:aq0AAOSwq~tZPoxN"
"Adult Girls Five Point Mesh Sleeve V Back Leotard Bodysuits Dancewear","$27.90","https://www.ebay.com/itm/Adult-Girls-Five-Point-Mesh-Sleeve-V-Back-Leotard-Bodysuits-Dancewear/283287805742?hash=item41f544df2e:m:mn_S4MCsvTnIbAICw3RSZ0w"
"+CARRY BAG PAIRS 1.5M 1.8M BELLY DANCE 100% SILK BAMBOO FAN VEILS 8898","$22.24 to $30.25","https://www.ebay.com/itm/CARRY-BAG-PAIRS-1-5M-1-8M-BELLY-DANCE-100-SILK-BAMBOO-FAN-VEILS-8898/222525319456?hash=item33cf8ae920:m:m5ZT0MgUCf_oj-_R9Btf5TA"
"+ CARRY BAG PAIRS 1.5M 1.8M BELLY DANCE 100% SILK BAMBOO FAN VEILS 6986","$22.24 to $30.25","https://www.ebay.com/itm/CARRY-BAG-PAIRS-1-5M-1-8M-BELLY-DANCE-100-SILK-BAMBOO-FAN-VEILS-6986/263005458652?hash=item3d3c58d0dc:m:m5ZT0MgUCf_oj-_R9Btf5TA"
"Velvet Wine Ballet Dance Costume Lt Pink Five Tier Tutu Girls 6x-7 Child","$22.99","https://www.ebay.com/itm/Velvet-Wine-Ballet-Dance-Costume-Lt-Pink-Five-Tier-Tutu-Girls-6x-7-Child/352797009163?hash=item522457250b:g:hxcAAOSwZthdhSPs"
"Five Nights at Freddy's Licensed Chica Teen Costume","$25.89","https://www.ebay.com/itm/Five-Nights-at-Freddys-Licensed-Chica-Teen-Costume/233590207997?hash=item36630fb5fd:m:maXU0O_0uwBi-DYID4dXZsg"
"BUN NETS x 15, Five Triple Packs, Lion Hair Care, Best Quality, ALL 7 COLOURS.","$3.88","https://www.ebay.com/itm/BUN-NETS-x-15-Five-Triple-Packs-Lion-Hair-Care-Best-Quality-ALL-7-COLOURS/181253859789?hash=item2a339269cd:m:m5K98CLrOgFf4lcVlbpS6RA"
"LION BUN NETS x 15, Five Triple Packs, Lion Hair Care, Best Quality, 6 COLOURS.","$3.94","https://www.ebay.com/itm/LION-BUN-NETS-x-15-Five-Triple-Packs-Lion-Hair-Care-Best-Quality-6-COLOURS/292403085975?hash=item4414950297:m:m4cYovEsA-UFldkUAE4rGdg"
"FIVE Pairs NIP Capezio Hold & Stretch FOOTED Womens Tights Mixed Sizes","$18.99","https://www.ebay.com/itm/FIVE-Pairs-NIP-Capezio-Hold-Stretch-FOOTED-Womens-Tights-Mixed-Sizes/363014897766?hash=item54855fc066:g:dvEAAOSwG0Fe28ag"
"Five Dancewear- Girls Youth","$20.00","https://www.ebay.com/itm/Five-Dancewear-Girls-Youth/124215055096?hash=item1cebcb52f8:g:nbwAAOSw549et1tC"
"BUN NETS x 75, TWENTY FIVE Triple Packs, Lion Hair Care, ALL 7 COLOURS.","$15.59","https://www.ebay.com/itm/BUN-NETS-x-75-TWENTY-FIVE-Triple-Packs-Lion-Hair-Care-ALL-7-COLOURS/181771792230?hash=item2a52716f66:m:m5K98CLrOgFf4lcVlbpS6RA"
"EUC Five Dancewear Retired Hooded Crop Net Top Black Adult PA Dance","$34.00","https://www.ebay.com/itm/EUC-Five-Dancewear-Retired-Hooded-Crop-Net-Top-Black-Adult-PA-Dance/264399783837?hash=item3d8f74879d:g:QeUAAOSwCg9dLWc7"
"Five Dancewear Black Amore Leotard with Lace Size SA","$36.50","https://www.ebay.com/itm/Five-Dancewear-Black-Amore-Leotard-with-Lace-Size-SA/124186930620?hash=item1cea1e2dbc:g:fGYAAOSwqA1evUv-"
"FIVE size medium adult dancewear outfits/leotards","$27.00","https://www.ebay.com/itm/FIVE-size-medium-adult-dancewear-outfits-leotards/382905732792?hash=item5926f5ceb8:g:jI4AAOSwiyBc61J7"
"LATEST DESIGN 2020 TRIBAL BELLY DANCE ANTIQUE FIVE RING BRACELET","$19.00","https://www.ebay.com/itm/LATEST-DESIGN-2020-TRIBAL-BELLY-DANCE-ANTIQUE-FIVE-RING-BRACELET/223895673360?hash=item342138da10:g:SpIAAOSwubdd54A9"
"EUC five dancewear leotard Large adult","$39.54","https://www.ebay.com/itm/EUC-five-dancewear-leotard-Large-adult/274307124778?hash=item3fddfa8e2a:g:e4MAAOSw0XhebYB5"
"Five Dancewear Leotard FAME LUXE LEO “WOMEN” Small Adult (fit My 11 Year Old)","$39.99","https://www.ebay.com/itm/Five-Dancewear-Leotard-FAME-LUXE-LEO-WOMEN-Small-Adult-fit-My-11-Year-Old/274044460029?hash=item3fce529bfd:g:zP0AAOSwHwJdnU4l"
"ERED Belly Dance Hip Scarf Wrap Belt W/FIVE Rows OF Silver & Red beads/Coins","$45.00","https://www.ebay.com/itm/ERED-Belly-Dance-Hip-Scarf-Wrap-Belt-W-FIVE-Rows-OF-Silver-Red-beads-Coins/312992366396?hash=item48dfcc7f3c:g:bscAAOSw6PpeRMeB"
"New Five Dancewear Retired Hooded Net Top Black Adult PM Dance","$43.00","https://www.ebay.com/itm/New-Five-Dancewear-Retired-Hooded-Net-Top-Black-Adult-PM-Dance/264399779644?hash=item3d8f74773c:g:QeUAAOSwCg9dLWc7"
"Ballet Dance Forefoot Pads - Perfect For Jazz, Ballet, Modern & Belly Dancing","$8.90 to $31.80","https://www.ebay.com/itm/Ballet-Dance-Forefoot-Pads-Perfect-For-Jazz-Ballet-Modern-Belly-Dancing/282618925935?hash=item41cd66936f:m:m3PlLzhh814cHzSNPE25K-w"
"NWT Five Dancewear Riviera Leo Black Youth Large YL Dance Leotard $72","$49.99","https://www.ebay.com/itm/NWT-Five-Dancewear-Riviera-Leo-Black-Youth-Large-YL-Dance-Leotard-72/124035473790?hash=item1ce117217e:g:DJQAAOSwA5ReEq6c"
"Five Dancewear Diamante Leo Large Adult in Black","$55.00","https://www.ebay.com/itm/Five-Dancewear-Diamante-Leo-Large-Adult-in-Black/273913766066?hash=item3fc68860b2:g:NYQAAOSwB0xdG8eF"
"Five Dancewear Fame Leo Petite Adult in Blue/Peach","$55.00","https://www.ebay.com/itm/Five-Dancewear-Fame-Leo-Petite-Adult-in-Blue-Peach/274038461430?hash=item3fcdf713f6:g:prsAAOSwx1Rdl3lp"
"EUC Five Brand Leotard- Petit Adult","$53.00","https://www.ebay.com/itm/EUC-Five-Brand-Leotard-Petit-Adult/392760105134?hash=item5b725398ae:g:8X8AAOSwkTVek53s"
"Five Dancewear Pompeii Leotard, White, Sz CL","$50.00","https://www.ebay.com/itm/Five-Dancewear-Pompeii-Leotard-White-Sz-CL/254391893151?hash=item3b3af03c9f:g:Uj8AAOSwKKZdqJGc"
"Five Dancewear Rogue Suit Army Green Size SA","$55.00","https://www.ebay.com/itm/Five-Dancewear-Rogue-Suit-Army-Green-Size-SA/274205305141?hash=item3fd7e8e935:g:M7UAAOSwbb5eHxwl"
"Five Dancewear Illusions Leotard Black NEW","$59.00","https://www.ebay.com/itm/Five-Dancewear-Illusions-Leotard-Black-NEW/254372153446?hash=item3b39c30866:m:mEvaWOtaKn-0vTc0k6nkRZQ"
"Five Dancewear Leotard YL New W/Tags","$60.00","https://www.ebay.com/itm/Five-Dancewear-Leotard-YL-New-W-Tags/283698456512?hash=item420dbee7c0:g:fxoAAOSwBDdd5wZv"
"High Quality Soft Bottom Dance Shoes New Women's Square Dance Shoes","$70.56","https://www.ebay.com/itm/High-Quality-Soft-Bottom-Dance-Shoes-New-Womens-Square-Dance-Shoes/254604286087?hash=item3b47991887:m:mVapYtFfGj2HP6Kpziu-8mQ"
"High Quality Soft Bottom Dance Shoes New Women's Square Dance Shoes","$70.56","https://www.ebay.com/itm/High-Quality-Soft-Bottom-Dance-Shoes-New-Womens-Square-Dance-Shoes/333605231457?hash=item4dac6bdb61:m:mVapYtFfGj2HP6Kpziu-8mQ"
"Five dancewear Geo Leo NWT, Adult M","$70.00","https://www.ebay.com/itm/Five-dancewear-Geo-Leo-NWT-Adult-M/184074128245?hash=item2adbac4b75:g:COQAAOSwzO9d7EF4"
"CHARISMATICO Red back-lace satin corset and organza five color tissue-cut tutu","$140.00","https://www.ebay.com/itm/CHARISMATICO-Red-back-lace-satin-corset-and-organza-five-color-tissue-cut-tutu/271234573036?hash=item3f26d722ec:g:vloAAOxyLiJR16lK"
