"title", price, url
"  STATS for Brand: Outerknown, Items Scanned: 276, Total Items (Including sponsored): 276 Value (Without sponsored): $10603.08 ", , 
"OUTERKNOWN x LEVI'S Wellthread Mens Cotton/Hemp Denim Western Shirt 21549-0014", $45.00, https://www.ebay.com/itm/OUTERKNOWN-x-LEVIS-Wellthread-Mens-Cotton-Hemp-Denim-Western-Shirt-21549-0014/202977388827?hash=item2f4265291b:g:L~YAAOSw~K5eqCGJ
"Outerknown Men Shorts Elastic Waist Black Medium + Purple Tye Die T-Shirt Medium", $30.00, https://www.ebay.com/itm/Outerknown-Men-Shorts-Elastic-Waist-Black-Medium-Purple-Tye-Die-T-Shirt-Medium/193513993147?hash=item2d0e5533bb:g:VXkAAOSwbNte49jb
"Outerknown Blanket Shirt Blue Size Large", $60.00, https://www.ebay.com/itm/Outerknown-Blanket-Shirt-Blue-Size-Large/153938219947?hash=item23d76ed3ab:g:3wkAAOSwl6tewyZg
"Outerknown Mens 18" Verano Elastic Beach Shorts Grey XL New", $39.99, https://www.ebay.com/itm/Outerknown-Mens-18-Verano-Elastic-Beach-Shorts-Grey-XL-New/363019202569?hash=item5485a17009:g:1wwAAOSwGhBe4ogg
"Outerknown Mens Medium Hemp Organic Cotton Blend Orange S/S T Shirt", $23.99, https://www.ebay.com/itm/Outerknown-Mens-Medium-Hemp-Organic-Cotton-Blend-Orange-S-S-T-Shirt/274384842760?hash=item3fe29c7008:g:izAAAOSwoZte1bex
"OUTERKNOWN JACKET SWEATER & ROSE STONE WOVEN M", $73.00, https://www.ebay.com/itm/OUTERKNOWN-JACKET-SWEATER-ROSE-STONE-WOVEN-M/293603123689?hash=item445c1c21e9:g:aAcAAOSwgaVe2ZV7
"Outerknown Wildwood Swim Trunks/ Boardshorts 30 Asphalt", $28.00, https://www.ebay.com/itm/Outerknown-Wildwood-Swim-Trunks-Boardshorts-30-Asphalt/164227628025?hash=item263cbabbf9:g:AD0AAOSwTmRdSyJl
"Outerknown Zip Up Hoodie Size xl", $45.00, https://www.ebay.com/itm/Outerknown-Zip-Up-Hoodie-Size-xl/254588245510?hash=item3b46a45606:g:a1cAAOSwXbZesOmY
"Levis x Outerknown 511 30x32 Dark Rinse", $20.00, https://www.ebay.com/itm/Levis-x-Outerknown-511-30x32-Dark-Rinse/274385201843?hash=item3fe2a1eab3:g:jiAAAOSwETxekw0g
"NWOT Outerknown Coach’s Jacket Size Medium Army Cotton Surf Slater Spring New", $35.00, https://www.ebay.com/itm/NWOT-Outerknown-Coach-s-Jacket-Size-Medium-Army-Cotton-Surf-Slater-Spring-New/254615465649?hash=item3b4843aeb1:g:ZWgAAOSws4NeeWlW
"NWT Outerknown Nomadic Swim Trunk Sz 38 Solid Blue Board Shorts", $35.00, https://www.ebay.com/itm/NWT-Outerknown-Nomadic-Swim-Trunk-Sz-38-Solid-Blue-Board-Shorts/174202463133?hash=item288f46a39d:g:hNEAAOSwbn1eVbk1
"outerknown OK tshirt medium organic cotton kelly slater", $14.50, https://www.ebay.com/itm/outerknown-OK-tshirt-medium-organic-cotton-kelly-slater/193491060913?hash=item2d0cf748b1:g:sxYAAOSwMThe1IYm
"MODERN Outerknown Charcoal Brushed Flannel Navy Side Stripe Button Down Shirt M", $13.00, https://www.ebay.com/itm/MODERN-Outerknown-Charcoal-Brushed-Flannel-Navy-Side-Stripe-Button-Down-Shirt-M/353090130216?hash=item5235cfd128:g:-ToAAOSwzLVe0Dog
"Levi's x Outerknown Men's US L Cotton Denim Western Shirt Drk Blue", $26.00, https://www.ebay.com/itm/Levis-x-Outerknown-Mens-US-L-Cotton-Denim-Western-Shirt-Drk-Blue/402282800435?hash=item5da9ec6533:g:J6wAAOSwBuVe1lgr
"OUTERKNOWN S.E.A. Pocket tee shirt men's new XL", $24.95, https://www.ebay.com/itm/OUTERKNOWN-S-E-A-Pocket-tee-shirt-mens-new-XL/184112011127?hash=item2addee5777:g:mcUAAOSwXq5eDUM1
"OUTERKNOWN Men's S/S Button Shirt ESSENTIAL - SNV - XLarge - NWT", $48.00, https://www.ebay.com/itm/OUTERKNOWN-Mens-S-S-Button-Shirt-ESSENTIAL-SNV-XLarge-NWT/392575782618?hash=item5b67570eda:g:GkIAAOSw55pd7Bi-
"OUTERKNOWN Men's SS ISIDRO Crew T Shirt Chest Pocket Striped Hemp Cotton XL NEW", $30.00, https://www.ebay.com/itm/OUTERKNOWN-Mens-SS-ISIDRO-Crew-T-Shirt-Chest-Pocket-Striped-Hemp-Cotton-XL-NEW/283903180870?hash=item4219f2c046:g:ta8AAOSwLrle2ZBX
"Outerknown S.E.A. Shorts Mens", $47.00, https://www.ebay.com/itm/Outerknown-S-E-A-Shorts-Mens/363010329650?hash=item54851a0c32:g:GVgAAOSwtVde1YRd
"NWT Levi’s 511 Slim Fit Jeans Wellthread Outerknown Denim Mens 34x30 Brand New", $60.00, https://www.ebay.com/itm/NWT-Levi-s-511-Slim-Fit-Jeans-Wellthread-Outerknown-Denim-Mens-34x30-Brand-New/124128163284?hash=item1ce69d75d4:g:YFsAAOSwh~NeeXXj
"Outerknown by Kelly Slater Signature Recycled Hemp Polo Shirt, Size XL, Black", $0.99, https://www.ebay.com/itm/Outerknown-by-Kelly-Slater-Signature-Recycled-Hemp-Polo-Shirt-Size-XL-Black/133420485164?hash=item1f107b0a2c:g:D6sAAOSwLsBezA63
"OUTERKNOWN Transitional Flannel | Green | Organic Cotton | Size Medium", $9.25, https://www.ebay.com/itm/OUTERKNOWN-Transitional-Flannel-Green-Organic-Cotton-Size-Medium/324180188684?hash=item4b7aa51e0c:g:rvkAAOSwVOtezwbc
"OUTERKNOWN Transitional Flannel | Blue | Organic Cotton | Size Medium", $10.50, https://www.ebay.com/itm/OUTERKNOWN-Transitional-Flannel-Blue-Organic-Cotton-Size-Medium/324180180102?hash=item4b7aa4fc86:g:ZSMAAOSwKRteywNQ
"NWT Levis x Outerknown Western L/S Button Front Shirt Men’s Size Medium", $44.99, https://www.ebay.com/itm/NWT-Levis-x-Outerknown-Western-L-S-Button-Front-Shirt-Men-s-Size-Medium/124206095614?hash=item1ceb429cfe:g:CEEAAOSwbR9e0rDa
"Outerknown Stinson Heavyweight Tee", $19.00, https://www.ebay.com/itm/Outerknown-Stinson-Heavyweight-Tee/163962715401?hash=item262cf07d09:g:9zEAAOSwxjxd3au4
"OUTERKNOWN Men's Heavy Evolution Shirt Jacket Quilted Lining Reversible Size M", $129.99, https://www.ebay.com/itm/OUTERKNOWN-Mens-Heavy-Evolution-Shirt-Jacket-Quilted-Lining-Reversible-Size-M/274349544398?hash=item3fe081d3ce:g:e~8AAOSwngBeYZow
"Outerknown, Men’s SEA Jeans, Straight Fit, Faded Indigo, 32 X 32, Brand New", $78.00, https://www.ebay.com/itm/Outerknown-Men-s-SEA-Jeans-Straight-Fit-Faded-Indigo-32-X-32-Brand-New/324134100280?hash=item4b77e5dd38:g:2JgAAOSw1mdek5lt
"outerknown straight jeans size 34", $50.00, https://www.ebay.com/itm/outerknown-straight-jeans-size-34/293427953059?hash=item4451ab3da3:g:L3kAAOSwZ15eIP5K
"Outerknown surfer camp Collar Beach Casual Shirt Green & Black stripe M", $22.99, https://www.ebay.com/itm/Outerknown-surfer-camp-Collar-Beach-Casual-Shirt-Green-Black-stripe-M/233607715644?hash=item36641adb3c:g:AP8AAOSwOFZe1rBS
"Outerknown Nomadic Thermal long sleeve shirt", $34.99, https://www.ebay.com/itm/Outerknown-Nomadic-Thermal-long-sleeve-shirt/193488518514?hash=item2d0cd07d72:g:o~kAAOSwY4NelPa~
"Outerknown Mens Hoodie Blue Long Sleeve Full Zip Sweater Top Size M New", $68.00, https://www.ebay.com/itm/Outerknown-Mens-Hoodie-Blue-Long-Sleeve-Full-Zip-Sweater-Top-Size-M-New/283879244443?hash=item421885829b:g:WkgAAOSwQVZevhO5
"NWOT Outerknown Coach’s Jacket Size Medium Army Cotton Surf Slater Spring New", $35.00, https://www.ebay.com/itm/NWOT-Outerknown-Coach-s-Jacket-Size-Medium-Army-Cotton-Surf-Slater-Spring-New/254608632875?hash=item3b47db6c2b:g:ZWgAAOSws4NeeWlW
"Levis X Outerknown Wellthread Lined Trucker Jacket Small New with tags $185 MSRP", $35.00, https://www.ebay.com/itm/Levis-X-Outerknown-Wellthread-Lined-Trucker-Jacket-Small-New-with-tags-185-MSRP/184308008437?hash=item2ae99d05f5:g:3d0AAOSwwgVep2~1
"Outerknown Ocotillo Shirt Size M Organic Cotton Long Sleeve Button NEW", $33.00, https://www.ebay.com/itm/Outerknown-Ocotillo-Shirt-Size-M-Organic-Cotton-Long-Sleeve-Button-NEW/303583759497?hash=item46af008c89:g:o58AAOSwX~heilvn
"Outerknown Lost Coast Moleskin Shirt M Navy Blue LS Button NWT SOLD OUT RARE", $54.00, https://www.ebay.com/itm/Outerknown-Lost-Coast-Moleskin-Shirt-M-Navy-Blue-LS-Button-NWT-SOLD-OUT-RARE/333612975089?hash=item4dace203f1:g:vU8AAOSwJ9RewY58
"NWT $128 - Outerknown Casual Extra Soft Button Up Size: US S / EU 44-46 / 1", $80.00, https://www.ebay.com/itm/NWT-128-Outerknown-Casual-Extra-Soft-Button-Up-Size-US-S-EU-44-46-1/283826594752?hash=item42156223c0:g:dK4AAOSw~O1eexJ9
"Levi's x Outerknown Men's US L Cotton Denim Western Shirt Drk Blue", $27.00, https://www.ebay.com/itm/Levis-x-Outerknown-Mens-US-L-Cotton-Denim-Western-Shirt-Drk-Blue/402276401535?hash=item5da98ac17f:g:YVMAAOSwxbJeznOg
"NEW Levi's Wellthread x Outerknown Cotton Linen Long Sleeve Shirt S", $4.99, https://www.ebay.com/itm/NEW-Levis-Wellthread-x-Outerknown-Cotton-Linen-Long-Sleeve-Shirt-S/184307401399?hash=item2ae993c2b7:g:Ba0AAOSwqRFevrc3
"Outerknown Ocotillo Shirt Size M Organic Cotton Long Sleeve Button NEW", $25.00, https://www.ebay.com/itm/Outerknown-Ocotillo-Shirt-Size-M-Organic-Cotton-Long-Sleeve-Button-NEW/303577562429?hash=item46aea1fd3d:g:o58AAOSwX~heilvn
"Outerknown Depot Shirt Size M Organic Cotton Long Sleeve Button NEW", $29.99, https://www.ebay.com/itm/Outerknown-Depot-Shirt-Size-M-Organic-Cotton-Long-Sleeve-Button-NEW/303577560347?hash=item46aea1f51b:g:t1sAAOSwFIpeilj5
"Outerknown Lost Coast Moleskin Shirt M Navy Blue LS Button NWT SOLD OUT RARE", $54.00 $87.00, https://www.ebay.com/itm/Outerknown-Lost-Coast-Moleskin-Shirt-M-Navy-Blue-LS-Button-NWT-SOLD-OUT-RARE/333607377306?hash=item4dac8c999a:g:vU8AAOSwJ9RewY58
"LEVI'S Mens WELLTHREAD OUTERKNOWN White Denim Jean Jacket 24766-0005 Size L", $62.74, https://www.ebay.com/itm/LEVIS-Mens-WELLTHREAD-OUTERKNOWN-White-Denim-Jean-Jacket-24766-0005-Size-L/362739497457?hash=item5474f579f1:g:9aYAAOSwABddZ-UN
"OUTERKNOWN Men’s NAVY T Shirt Organic Cotton By KELLY SLATER MED New with Tags", $44.86, https://www.ebay.com/itm/OUTERKNOWN-Men-s-NAVY-T-Shirt-Organic-Cotton-By-KELLY-SLATER-MED-New-with-Tags/324170759556?hash=item4b7a153d84:g:wE8AAOSwG39ew2pO
"Outerknown X Levis Wellthread 502 Taper Fit", $50.00, https://www.ebay.com/itm/Outerknown-X-Levis-Wellthread-502-Taper-Fit/163962739863?hash=item262cf0dc97:g:pmAAAOSwuOZd3a6Q
"Outerknown Jacket XL WOW!", $18.95, https://www.ebay.com/itm/Outerknown-Jacket-XL-WOW/324177720220?hash=item4b7a7f739c:g:W1cAAOSwIzpexGaU
"Outerknown Gray Long Sleeve Henley M", $25.00, https://www.ebay.com/itm/Outerknown-Gray-Long-Sleeve-Henley-M/143597833042?hash=item216f190b52:g:scMAAOSwWHZesv-X
"NWT Outerknown Organic Hemp Traveler Chino Mens Casual Shorts Sz.32", $39.99, https://www.ebay.com/itm/NWT-Outerknown-Organic-Hemp-Traveler-Chino-Mens-Casual-Shorts-Sz-32/264616661423?hash=item3d9c61d1af:g:YVYAAOSwh~peMqYY
"Outerknown "It's Not OK" pocket t-shirt, new with tags", $24.00, https://www.ebay.com/itm/Outerknown-Its-Not-OK-pocket-t-shirt-new-with-tags/143588032302?hash=item216e837f2e:g:ibcAAOSwhQleojVY
"Levis x Outerknown 511 30x32 Dark Rinse", $20.00, https://www.ebay.com/itm/Levis-x-Outerknown-511-30x32-Dark-Rinse/274371235772?hash=item3fe1cccfbc:g:jiAAAOSwETxekw0g
"Levis X Outerknown Wellthread Lined Trucker Jacket Small New with tags $185 MSRP", $35.00, https://www.ebay.com/itm/Levis-X-Outerknown-Wellthread-Lined-Trucker-Jacket-Small-New-with-tags-185-MSRP/184302148731?hash=item2ae9439c7b:g:3d0AAOSwwgVep2~1
"Outerknown Mens Brushed Highline L/S Flannel Red Plaid S New", $63.74, https://www.ebay.com/itm/Outerknown-Mens-Brushed-Highline-L-S-Flannel-Red-Plaid-S-New/233385984174?hash=item3656e380ae:g:UPgAAOSw19JduwNQ
"Outerknown Levi’s 511 Jeans 30x30", $3.70 $40.00, https://www.ebay.com/itm/Outerknown-Levi-s-511-Jeans-30x30/233593057844?hash=item36633b3234:g:iOsAAOSwcONeej95
"Levi's x Outerknown Men's US L Cotton Denim Western Shirt Drk Blue", $26.00, https://www.ebay.com/itm/Levis-x-Outerknown-Mens-US-L-Cotton-Denim-Western-Shirt-Drk-Blue/402269606022?hash=item5da9231086:g:cvsAAOSwa2Zexn0~
"OUTERKNOWN Bahia Men’s T Shirt Organic Cotton By KELLY SLATER MED New with Tags", $44.86, https://www.ebay.com/itm/OUTERKNOWN-Bahia-Men-s-T-Shirt-Organic-Cotton-By-KELLY-SLATER-MED-New-with-Tags/224015584736?hash=item34285e8de0:g:Yr0AAOSwuHRew2fS
"Outerknown Woolaroo Men's Boardshorts / Trunks - Brand New", $75.00, https://www.ebay.com/itm/Outerknown-Woolaroo-Mens-Boardshorts-Trunks-Brand-New/233396866086?hash=item3657898c26:g:UNsAAOSwi5FdMzWw
"Outerknown LE Kelly Slater Graphic T-shirt Organic Size Large", $35.00, https://www.ebay.com/itm/Outerknown-LE-Kelly-Slater-Graphic-T-shirt-Organic-Size-Large/264673249509?hash=item3d9fc148e5:g:lu8AAOSwqqJec-0y
"NWOT Outerknown Coach’s Jacket Size Medium Army Cotton Surf Slater Spring New", $40.00, https://www.ebay.com/itm/NWOT-Outerknown-Coach-s-Jacket-Size-Medium-Army-Cotton-Surf-Slater-Spring-New/254601179130?hash=item3b4769affa:g:ZWgAAOSws4NeeWlW
"OUTERKNOWN No More Straws Tee 100% Organic Cotton pink NWT", $30.00, https://www.ebay.com/itm/OUTERKNOWN-No-More-Straws-Tee-100-Organic-Cotton-pink-NWT/303445866732?hash=item46a6c878ec:g:ZJoAAOSwSlVeHmSq
"Outerknown by Kelly Slater Evolution Trunk Boardshorts size 36 surf yoga", $23.00, https://www.ebay.com/itm/Outerknown-by-Kelly-Slater-Evolution-Trunk-Boardshorts-size-36-surf-yoga/313073208232?hash=item48e49e0ba8:g:kQ4AAOSw9fZesO19
"NEW Levi's Wellthread x Outerknown Cotton Linen Long Sleeve Shirt S", $5.50, https://www.ebay.com/itm/NEW-Levis-Wellthread-x-Outerknown-Cotton-Linen-Long-Sleeve-Shirt-S/184299385660?hash=item2ae919733c:g:Ba0AAOSwqRFevrc3
"Levis X Outerknown Western Flannel Button Up", $8.50, https://www.ebay.com/itm/Levis-X-Outerknown-Western-Flannel-Button-Up/184299385358?hash=item2ae919720e:g:-~gAAOSw~zdevrbP
"New Levi's x Outerknown 511 Slim Mens Jeans in Rinse 33x30", $33.00, https://www.ebay.com/itm/New-Levis-x-Outerknown-511-Slim-Mens-Jeans-in-Rinse-33x30/184296484158?hash=item2ae8ed2d3e:g:gjEAAOSwFFZeuHI8
"Outerknown Jacket XL WOW!", $26.90, https://www.ebay.com/itm/Outerknown-Jacket-XL-WOW/324171541527?hash=item4b7a212c17:g:W1cAAOSwIzpexGaU
"Outerknown Ocotillo Shirt Size M Organic Cotton Long Sleeve Button NEW", $25.00, https://www.ebay.com/itm/Outerknown-Ocotillo-Shirt-Size-M-Organic-Cotton-Long-Sleeve-Button-NEW/303570574417?hash=item46ae375c51:g:o58AAOSwX~heilvn
"Outerknown Depot Shirt Size M Organic Cotton Long Sleeve Button NEW", $29.99, https://www.ebay.com/itm/Outerknown-Depot-Shirt-Size-M-Organic-Cotton-Long-Sleeve-Button-NEW/303570570341?hash=item46ae374c65:g:t1sAAOSwFIpeilj5
"Outerknown Blanket Shirt Medium", $104.19, https://www.ebay.com/itm/Outerknown-Blanket-Shirt-Medium/193470523997?hash=item2d0bbdea5d:g:dr4AAOSw7kRewbGd
"Outerknown Blanket Shirt Medium", $38.00, https://www.ebay.com/itm/Outerknown-Blanket-Shirt-Medium/193470523134?hash=item2d0bbde6fe:g:ePsAAOSwb05ewbDc
"Outerknown Blanket Shirt Medium NWT", $66.00, https://www.ebay.com/itm/Outerknown-Blanket-Shirt-Medium-NWT/193470522130?hash=item2d0bbde312:g:fn8AAOSwt4hewbAw
"Outerknown Wildwood Swim Trunks/ Boardshorts 30 Asphalt", $28.00 $39.00, https://www.ebay.com/itm/Outerknown-Wildwood-Swim-Trunks-Boardshorts-30-Asphalt/164199551836?hash=item263b0e535c:g:AD0AAOSwTmRdSyJl
"Outerknown Men’s Shorts Size Medium", $20.00, https://www.ebay.com/itm/Outerknown-Men-s-Shorts-Size-Medium/174293927283?hash=item2894ba4573:g:J68AAOSwxJVeysbh
"NEW Outerknown Woolaroo Mens Boardshorts Trunks Size 38 Green Herb W9", $39.99, https://www.ebay.com/itm/NEW-Outerknown-Woolaroo-Mens-Boardshorts-Trunks-Size-38-Green-Herb-W9/223958077480?hash=item3424f11028:g:tdUAAOSwgaZenEs3
"Outerknown Woolaroo Mens Boardshorts Trunks Sz 38 Blue X1", $28.99, https://www.ebay.com/itm/Outerknown-Woolaroo-Mens-Boardshorts-Trunks-Sz-38-Blue-X1/223958080282?hash=item3424f11b1a:g:Rj0AAOSwj3NenNd9
"Outerknown Lost Coast Moleskin Shirt M Navy Blue LS Button NWT SOLD OUT RARE", $65.00 $87.00, https://www.ebay.com/itm/Outerknown-Lost-Coast-Moleskin-Shirt-M-Navy-Blue-LS-Button-NWT-SOLD-OUT-RARE/333601264472?hash=item4dac2f5358:g:vU8AAOSwJ9RewY58
"NWT Outerknown Highland Blanket Shirt Jacket Size Medium Blue/Grey Wool Blend", $89.00, https://www.ebay.com/itm/NWT-Outerknown-Highland-Blanket-Shirt-Jacket-Size-Medium-Blue-Grey-Wool-Blend/133413202125?hash=item1f100be8cd:g:EUgAAOSwAj9eU1vp
"Outerknown Stinson Tee Shirt Large Pewter", $7.60, https://www.ebay.com/itm/Outerknown-Stinson-Tee-Shirt-Large-Pewter/193468753637?hash=item2d0ba2e6e5:g:6cIAAOSw161ewFGc
"Outerknown Stinson Tee Shirt Large Pewter", $10.50, https://www.ebay.com/itm/Outerknown-Stinson-Tee-Shirt-Large-Pewter/193468753300?hash=item2d0ba2e594:g:6cIAAOSw161ewFGc
"Outerknown Stinson Tee Shirt Large Denim", $7.55, https://www.ebay.com/itm/Outerknown-Stinson-Tee-Shirt-Large-Denim/193468752317?hash=item2d0ba2e1bd:g:SiQAAOSwgrxewFDD
"Outerknown Stinson Tee Shirt Large Denim", $14.07, https://www.ebay.com/itm/Outerknown-Stinson-Tee-Shirt-Large-Denim/193468751751?hash=item2d0ba2df87:g:SiQAAOSwgrxewFDD
"Outerknown Transitional Flannel Medium", $26.26, https://www.ebay.com/itm/Outerknown-Transitional-Flannel-Medium/193468746716?hash=item2d0ba2cbdc:g:8AQAAOSw6fJewE-c
"Outerknown Transitional Flannel Medium", $17.50, https://www.ebay.com/itm/Outerknown-Transitional-Flannel-Medium/193468744766?hash=item2d0ba2c43e:g:wewAAOSw87xewE7d
"Outerknown Sojourn Tee Shirt Large", $20.50, https://www.ebay.com/itm/Outerknown-Sojourn-Tee-Shirt-Large/193468741225?hash=item2d0ba2b669:g:~ukAAOSwdlNewE42
"Outerknown Trails Henley LS Tee", $26.00, https://www.ebay.com/itm/Outerknown-Trails-Henley-LS-Tee/193468739214?hash=item2d0ba2ae8e:g:OJ8AAOSwLg1ewE1C
"Outerknown Terra Pocket Tee Large", $12.50, https://www.ebay.com/itm/Outerknown-Terra-Pocket-Tee-Large/193468736248?hash=item2d0ba2a2f8:g:BykAAOSwJC1ewExz
"Outerknown Nomadic Polo Shirt Medium", $15.00, https://www.ebay.com/itm/Outerknown-Nomadic-Polo-Shirt-Medium/193468726483?hash=item2d0ba27cd3:g:970AAOSwOzxewEm8
"Outerknown Nomadic Polo Shirt Medium", $10.50, https://www.ebay.com/itm/Outerknown-Nomadic-Polo-Shirt-Medium/193468724883?hash=item2d0ba27693:g:Rr0AAOSwXspewElH
"Outerknown Nomadic Polo Shirt Medium", $21.50, https://www.ebay.com/itm/Outerknown-Nomadic-Polo-Shirt-Medium/193468723761?hash=item2d0ba27231:g:2M4AAOSwwEpewEjx
"Outerknown Nomadic Polo Shirt Medium", $10.50, https://www.ebay.com/itm/Outerknown-Nomadic-Polo-Shirt-Medium/193468722343?hash=item2d0ba26ca7:g:KikAAOSwGD9ewEiH
"Outerknown Nomadic Polo Shirt Medium", $10.50, https://www.ebay.com/itm/Outerknown-Nomadic-Polo-Shirt-Medium/193468721449?hash=item2d0ba26929:g:19sAAOSwZrRewEfm
"Outerknown Nomadic Polo Shirt Medium", $16.50, https://www.ebay.com/itm/Outerknown-Nomadic-Polo-Shirt-Medium/193468718506?hash=item2d0ba25daa:g:nRwAAOSwNHZewEcL
"Outerknown Nomadic Polo Shirt Medium", $26.00, https://www.ebay.com/itm/Outerknown-Nomadic-Polo-Shirt-Medium/193468717507?hash=item2d0ba259c3:g:ziAAAOSwAwFewEYi
"Outerknown "S.E.A." Shirt Size M Organic Cotton Short Sleeve Button NEW", $20.00, https://www.ebay.com/itm/Outerknown-S-E-A-Shirt-Size-M-Organic-Cotton-Short-Sleeve-Button-NEW/303564187225?hash=item46add5e659:g:lckAAOSw-~peilUj
"Levis X Outerknown Wellthread Lined Trucker Jacket Small New with tags $185 MSRP", $35.00, https://www.ebay.com/itm/Levis-X-Outerknown-Wellthread-Lined-Trucker-Jacket-Small-New-with-tags-185-MSRP/184296495588?hash=item2ae8ed59e4:g:3d0AAOSwwgVep2~1
"Outerknown Washed Blue Hoodie With Pocket On The Front. Large", $24.00, https://www.ebay.com/itm/Outerknown-Washed-Blue-Hoodie-With-Pocket-On-The-Front-Large/124188514904?hash=item1cea365a58:g:iYcAAOSwaldevyWK
"Levis X Outerknown Wellthread lined Mens Trucker dark Denim Jacket Size XL NWT", $98.99, https://www.ebay.com/itm/Levis-X-Outerknown-Wellthread-lined-Mens-Trucker-dark-Denim-Jacket-Size-XL-NWT/362961458090?epid=16035012329&hash=item54823053aa:g:Gs8AAOSwqOxehPDo
"mens Large Outerknown Olive Green Jacket", $51.00, https://www.ebay.com/itm/mens-Large-Outerknown-Olive-Green-Jacket/313081634416?hash=item48e51e9e70:g:cT8AAOSwOINevCpH
"NEW Levi's Wellthread x Outerknown Cotton Linen Long Sleeve Shirt S", $18.40, https://www.ebay.com/itm/NEW-Levis-Wellthread-x-Outerknown-Cotton-Linen-Long-Sleeve-Shirt-S/184293446222?hash=item2ae8bed24e:g:Ba0AAOSwqRFevrc3
"Levis X Outerknown Western Flannel Button Up", $19.40, https://www.ebay.com/itm/Levis-X-Outerknown-Western-Flannel-Button-Up/184293444902?hash=item2ae8becd26:g:-~gAAOSw~zdevrbP
"Levi's x Outerknown Men's US L Cotton Denim Western Shirt Drk Blue", $34.00, https://www.ebay.com/itm/Levis-x-Outerknown-Mens-US-L-Cotton-Denim-Western-Shirt-Drk-Blue/402263409205?hash=item5da8c48235:g:JKQAAOSwVp1evoms
"OUTERKNOWN Men’s NAVY Towelling Jumper By KELLY SLATER LARGE New with Tags", $55.21, https://www.ebay.com/itm/OUTERKNOWN-Men-s-NAVY-Towelling-Jumper-By-KELLY-SLATER-LARGE-New-with-Tags/324170769994?hash=item4b7a15664a:g:foIAAOSw1Vdew3Mt
"Outerknown Men’s Long Sleeve Callao L/S Crew Shirt Large", $27.99, https://www.ebay.com/itm/Outerknown-Men-s-Long-Sleeve-Callao-L-S-Crew-Shirt-Large/324027692390?hash=item4b718e3566:g:rLwAAOSwMlheCl4I
"Outerknown Levi’s 511 Jeans 30x30", $3.70 $40.00, https://www.ebay.com/itm/Outerknown-Levi-s-511-Jeans-30x30/233585905206?hash=item3662ce0e36:g:iOsAAOSwcONeej95
"Outerknown "S.E.A." Shirt Size M Organic Cotton Long Sleeve Button NEW", $33.00, https://www.ebay.com/itm/Outerknown-S-E-A-Shirt-Size-M-Organic-Cotton-Long-Sleeve-Button-NEW/303564186540?hash=item46add5e3ac:g:6tkAAOSwPRteildW
"Outerknown "S.E.A." Shirt Size M Organic Cotton Long Sleeve Button NEW", $29.99, https://www.ebay.com/itm/Outerknown-S-E-A-Shirt-Size-M-Organic-Cotton-Long-Sleeve-Button-NEW/303570570635?hash=item46ae374d8b:g:mvsAAOSwkTVeilpn
"NWOT Outerknown Coach’s Jacket Size Medium Army Cotton Surf Slater Spring New", $40.00, https://www.ebay.com/itm/NWOT-Outerknown-Coach-s-Jacket-Size-Medium-Army-Cotton-Surf-Slater-Spring-New/254594533142?hash=item3b47044716:g:ZWgAAOSws4NeeWlW
"Levis X Outerknown Wellthread Lined Trucker Jacket Small New with tags $185 MSRP", $35.00, https://www.ebay.com/itm/Levis-X-Outerknown-Wellthread-Lined-Trucker-Jacket-Small-New-with-tags-185-MSRP/184289968483?hash=item2ae889c163:g:3d0AAOSwwgVep2~1
"Outerknown Ocotillo Shirt Size M Organic Cotton Long Sleeve Button NEW", $29.99, https://www.ebay.com/itm/Outerknown-Ocotillo-Shirt-Size-M-Organic-Cotton-Long-Sleeve-Button-NEW/303564193699?hash=item46add5ffa3:g:o58AAOSwX~heilvn
"Outerknown "S.E.A." Shirt Size M Organic Cotton Long Sleeve Button NEW", $29.99, https://www.ebay.com/itm/Outerknown-S-E-A-Shirt-Size-M-Organic-Cotton-Long-Sleeve-Button-NEW/303564191657?hash=item46add5f7a9:g:mvsAAOSwkTVeilpn
"Outerknown Depot Shirt Size M Organic Cotton Long Sleeve Button NEW", $29.99, https://www.ebay.com/itm/Outerknown-Depot-Shirt-Size-M-Organic-Cotton-Long-Sleeve-Button-NEW/303564191318?hash=item46add5f656:g:t1sAAOSwFIpeilj5
"Levis 511 Premium Slim Fit Men's Jeans WellThread X Outerknown #2927", $70.00, https://www.ebay.com/itm/Levis-511-Premium-Slim-Fit-Mens-Jeans-WellThread-X-Outerknown-2927/324047621453?hash=item4b72be4d4d:g:LeAAAOSwZedeJQ39
"New Levi's x Outerknown 511 Slim Mens Jeans in Rinse 33x30", $29.99, https://www.ebay.com/itm/New-Levis-x-Outerknown-511-Slim-Mens-Jeans-in-Rinse-33x30/184287305469?hash=item2ae8611efd:g:gjEAAOSwFFZeuHI8
"OUTERKNOWN Men's Button Down Oxford Work Shirt Blue $88 Retail Size Medium", $25.00, https://www.ebay.com/itm/OUTERKNOWN-Mens-Button-Down-Oxford-Work-Shirt-Blue-88-Retail-Size-Medium/114037655641?hash=item1a8d2c8859:g:6F8AAOSwgrBeB9un
"Outerknown Men’s 33 x 32 Tapered Fit Sea Jeans Pants", $17.99, https://www.ebay.com/itm/Outerknown-Men-s-33-x-32-Tapered-Fit-Sea-Jeans-Pants/293577633157?hash=item445a972d85:g:a4sAAOSw50VeEwua
"Outerknown S.E.A Legs Pants 32", $20.00, https://www.ebay.com/itm/Outerknown-S-E-A-Legs-Pants-32/184293463160?hash=item2ae8bf1478:g:ef8AAOSwCgRevrpd
"Outerknown Shorts Olive Army Green Surf Kelly Slater Size 32 NWOT", $15.00, https://www.ebay.com/itm/Outerknown-Shorts-Olive-Army-Green-Surf-Kelly-Slater-Size-32-NWOT/373049343550?hash=item56db793e3e:g:KV4AAOSwxGheDjbt
"Outerknown Sur Hemp Cotton French Terry Thick Crewneck Pullover Sweatshirt Sz. M", $49.99, https://www.ebay.com/itm/Outerknown-Sur-Hemp-Cotton-French-Terry-Thick-Crewneck-Pullover-Sweatshirt-Sz-M/264657518458?hash=item3d9ed13f7a:g:rEYAAOSwL5BeYXoi
"NWT - Levi's x Outerknown "wave" T-shirt", $30.00, https://www.ebay.com/itm/NWT-Levis-x-Outerknown-wave-T-shirt/283852232675?hash=item4216e957e3:g:UsEAAOSwL9pem41U
"Levi's® WellThread™ x Outerknown Lined Sherpa Trucker Jacket Men's Small $298.00", $89.99, https://www.ebay.com/itm/Levis-WellThread-x-Outerknown-Lined-Sherpa-Trucker-Jacket-Mens-Small-298-00/283851196483?hash=item4216d98843:g:q8UAAOSwq4Neq258
"OUTERKNOWN Men's Coral Sur Full Zip Hoodie Size XL 55% Hemp 45% Organic Cotton", $24.00, https://www.ebay.com/itm/OUTERKNOWN-Mens-Coral-Sur-Full-Zip-Hoodie-Size-XL-55-Hemp-45-Organic-Cotton/223839635656?hash=item341de1c8c8:g:-UoAAOSwbn1eILxu
"Levi’s X Outerknown Trucker Jacket Size Medium Linen Cotton Wellthread", $108.45, https://www.ebay.com/itm/Levi-s-X-Outerknown-Trucker-Jacket-Size-Medium-Linen-Cotton-Wellthread/233178422587?epid=15030493842&hash=item364a845d3b:g:wC4AAOSwM7lcjU6y
"Outerknown - Men’s Relax Drawstring Terrycloth Lounge tide Shorts - large Navy", $18.00, https://www.ebay.com/itm/Outerknown-Men-s-Relax-Drawstring-Terrycloth-Lounge-tide-Shorts-large-Navy/264731218761?hash=item3da335d349:g:kMcAAOSwsypevfNJ
"Outerknown Verano Beach Pant Sz. Small Hemp Organic Cotton", $45.00, https://www.ebay.com/itm/Outerknown-Verano-Beach-Pant-Sz-Small-Hemp-Organic-Cotton/164022488261?hash=item2630808cc5:g:dWoAAOSw8OteFScA
"OUTERKNOWN TRANSITIONAL FLANNEL Size Medium", $16.99, https://www.ebay.com/itm/OUTERKNOWN-TRANSITIONAL-FLANNEL-Size-Medium/193463450963?hash=item2d0b51fd53:g:JxwAAOSwGhRepI87
"Levi's x Outerknown Men's US L Cotton Denim Western Shirt Drk Blue", $53.00, https://www.ebay.com/itm/Levis-x-Outerknown-Mens-US-L-Cotton-Denim-Western-Shirt-Drk-Blue/383539265519?hash=item594cb8bfef:g:qakAAOSweh5etroX
"outerknown large Navy Blue Puffer Jacket", $31.00, https://www.ebay.com/itm/outerknown-large-Navy-Blue-Puffer-Jacket/283849001267?hash=item4216b80933:g:lu0AAOSwJjtel559
"NWT Outerknown Highland Blanket Shirt Jacket Size Medium Blue/Grey Wool Blend", $89.00, https://www.ebay.com/itm/NWT-Outerknown-Highland-Blanket-Shirt-Jacket-Size-Medium-Blue-Grey-Wool-Blend/133404289892?hash=item1f0f83eb64:g:EUgAAOSwAj9eU1vp
"Levis X Outerknown Wellthread lined Mens Trucker Denim Jacket Size Medium NWT", $87.99, https://www.ebay.com/itm/Levis-X-Outerknown-Wellthread-lined-Mens-Trucker-Denim-Jacket-Size-Medium-NWT/164180553667?epid=19036307276&hash=item2639ec6fc3:g:Gs8AAOSwqOxehPDo
"Outerknown "S.E.A." Shirt Size M Organic Cotton Long Sleeve Button NEW", $33.00, https://www.ebay.com/itm/Outerknown-S-E-A-Shirt-Size-M-Organic-Cotton-Long-Sleeve-Button-NEW/303564186840?hash=item46add5e4d8:g:FMoAAOSwxzleilQt
"Outerknown Mens Verano Beach Pants Black XL New", $39.99, https://www.ebay.com/itm/Outerknown-Mens-Verano-Beach-Pants-Black-XL-New/233411758137?hash=item36586cc839:g:DOYAAOSwl2dd2E9Z
"outerknown Mens Pants Black Size Small", $39.99, https://www.ebay.com/itm/outerknown-Mens-Pants-Black-Size-Small/274213218732?hash=item3fd861a9ac:g:WfUAAOSw-LJeI-L2
"OUTERKNOWN Men's Short Sleeve Henley Shirt Beige Organic Cotton Hemp Size Small", $49.99, https://www.ebay.com/itm/OUTERKNOWN-Mens-Short-Sleeve-Henley-Shirt-Beige-Organic-Cotton-Hemp-Size-Small/274297187299?hash=item3fdd62ebe3:g:u90AAOSwL-Fdve3Y
"Outerknown Blanket Shirt Size Medium Kelly Slater Brand Sustainable Clothing NEW", $69.99, https://www.ebay.com/itm/Outerknown-Blanket-Shirt-Size-Medium-Kelly-Slater-Brand-Sustainable-Clothing-NEW/333580356737?hash=item4daaf04c81:g:H1MAAOSw8CBenZia
"Outerknown Sunday Sweater Pant Jogger - Indigo - Large - Worn 1 time only -GREAT", $21.99, https://www.ebay.com/itm/Outerknown-Sunday-Sweater-Pant-Jogger-Indigo-Large-Worn-1-time-only-GREAT/202987227212?hash=item2f42fb484c:g:vKsAAOSwaPhenGMZ
"Outerknown - Men's green ECONYL swim trunk - Size 32", $38.38, https://www.ebay.com/itm/Outerknown-Mens-green-ECONYL-swim-trunk-Size-32/274092624658?hash=item3fd1318b12:g:BswAAOSwk8JdyfhC
"Levis Outerknown Sherpa Jacket Gray L", $85.00, https://www.ebay.com/itm/Levis-Outerknown-Sherpa-Jacket-Gray-L/174186262914?hash=item288e4f7182:g:2xMAAOSwAMVeQC4t
"Levi's 511 WellThread X Outerknown Slim Fit Men's Jeans 045112927", $54.98, https://www.ebay.com/itm/Levis-511-WellThread-X-Outerknown-Slim-Fit-Mens-Jeans-045112927/372898166898?hash=item56d2767872:g:pbcAAOSwvmteDGgk
"Outerknown "S.E.A." Shirt Size M Organic Cotton Short Sleeve Button NEW", $24.99, https://www.ebay.com/itm/Outerknown-S-E-A-Shirt-Size-M-Organic-Cotton-Short-Sleeve-Button-NEW/303558421884?hash=item46ad7ded7c:g:BkIAAOSwIuNeilzg
"$78 Outerknown Paz Slim Fit Organic Cotton Twill Chino Mens Shorts Sz. M", $34.99, https://www.ebay.com/itm/78-Outerknown-Paz-Slim-Fit-Organic-Cotton-Twill-Chino-Mens-Shorts-Sz-M/264718634237?hash=item3da275ccfd:g:w~4AAOSwkMNerZBg
"New Outerknown Men's Revolution Trunks Floral Board Shorts Size 29 Unlined", $22.95, https://www.ebay.com/itm/New-Outerknown-Mens-Revolution-Trunks-Floral-Board-Shorts-Size-29-Unlined/202823338958?hash=item2f39368bce:g:wV4AAOSwWz1dzu5C
"OUTERKNOWN EVOLUTION POCKET SCALLOP SHORTS", $18.00, https://www.ebay.com/itm/OUTERKNOWN-EVOLUTION-POCKET-SCALLOP-SHORTS/193447598317?hash=item2d0a6018ed:g:I2gAAOSwsXNerZs6
"NWT Levis x Outerknown Western Long Sleeve Button Linen Shirt Men’s Beige", $49.95, https://www.ebay.com/itm/NWT-Levis-x-Outerknown-Western-Long-Sleeve-Button-Linen-Shirt-Men-s-Beige/333475355052?hash=item4da4ae19ac:g:sUsAAOSws5FeGSYz
"NEW! OUTERKNOWN "S.E.A." Short Sleeve Men's Button Shirt Organic Cotton Sz XXL", $19.99, https://www.ebay.com/itm/NEW-OUTERKNOWN-S-E-A-Short-Sleeve-Mens-Button-Shirt-Organic-Cotton-Sz-XXL/223993559459?hash=item34270e79a3:g:Y8oAAOSwaktelk~g
"Outerknown by Kelly Slater Drop Crotch Joggers Sz XL, $98, Recycled Cotton!!", $16.50, https://www.ebay.com/itm/Outerknown-by-Kelly-Slater-Drop-Crotch-Joggers-Sz-XL-98-Recycled-Cotton/353062195606?hash=item5234259196:g:WDAAAOSw339epZzB
"Outerknown Men's Nylon Shorts-Size 34-Teal Blue", $30.00, https://www.ebay.com/itm/Outerknown-Mens-Nylon-Shorts-Size-34-Teal-Blue/184201157190?hash=item2ae33e9a46:g:hBoAAOSwJp1epYrp
"Mens Outerknown Shorts", $27.00, https://www.ebay.com/itm/Mens-Outerknown-Shorts/383529697945?hash=item594c26c299:g:wO8AAOSwKAJekejb
"OUTERKNOWN Nomadic Polo Men’s Shirt XL Olive", $17.97, https://www.ebay.com/itm/OUTERKNOWN-Nomadic-Polo-Men-s-Shirt-XL-Olive/184178840824?hash=item2ae1ea14f8:g:efkAAOSwDCBeC5UE
"Outerknown - Men’s Terrycloth Lounge Shorts - Med., Sage", $25.00, https://www.ebay.com/itm/Outerknown-Men-s-Terrycloth-Lounge-Shorts-Med-Sage/184271356375?hash=item2ae76dc1d7:g:sJsAAOSwp0ZejNUA
"OUTERKNOWN Dark Blue Tan Pocket Evolution Trunk Tribal Pattern Swim Shorts - 33", $39.99, https://www.ebay.com/itm/OUTERKNOWN-Dark-Blue-Tan-Pocket-Evolution-Trunk-Tribal-Pattern-Swim-Shorts-33/293207363112?hash=item4444854e28:g:jVkAAOSw6FBdZxrN
"Levi's 511 WellThread X Outerknown dark wash 32x32 Slim Fit Men's Jeans", $32.00, https://www.ebay.com/itm/Levis-511-WellThread-X-Outerknown-dark-wash-32x32-Slim-Fit-Mens-Jeans/143547687844?hash=item216c1be3a4:g:~QUAAOSw-exeYFrs
"Outerknown Ocotillo Shirt Size M Organic Cotton Long Sleeve Button NEW", $24.99, https://www.ebay.com/itm/Outerknown-Ocotillo-Shirt-Size-M-Organic-Cotton-Long-Sleeve-Button-NEW/303552648063?hash=item46ad25d37f:g:ttIAAOSwY2peilwv
"Nwot Outerknown Vagabond Cargo Pants Mens Size 33/30", $78.00, https://www.ebay.com/itm/Nwot-Outerknown-Vagabond-Cargo-Pants-Mens-Size-33-30/153910431833?hash=item23d5c6d059:g:Vv0AAOSw6bVc71NW
"Outerknown Apex Trunk Boardshort 36 NWOT", $23.49, https://www.ebay.com/itm/Outerknown-Apex-Trunk-Boardshort-36-NWOT/193441080394?hash=item2d09fca44a:g:8AUAAOSw~t5ep4uJ
"Outerknown Transitional Flannel Medium", $11.50, https://www.ebay.com/itm/Outerknown-Transitional-Flannel-Medium/193439385841?hash=item2d09e2c8f1:g:I5IAAOSw-r5epeqN
"Outerknown Only Gun You Need Tee Shirt Medium", $14.26, https://www.ebay.com/itm/Outerknown-Only-Gun-You-Need-Tee-Shirt-Medium/193439381113?hash=item2d09e2b679:g:lvYAAOSwCzJepeii
"Men's Fleece Jacket. Outerknown. Gray, w/Black shoulders. Full Zip. Size Large", $50.00, https://www.ebay.com/itm/Mens-Fleece-Jacket-Outerknown-Gray-w-Black-shoulders-Full-Zip-Size-Large/164183376205?hash=item263a17814d:g:fE4AAOSwIYJeQKbg
"Outerknown Apex Trunk Boardshort 32", $43.00, https://www.ebay.com/itm/Outerknown-Apex-Trunk-Boardshort-32/193439112609?hash=item2d09de9da1:g:P-AAAOSw2eNepaOA
"Outerknown XL Beach Shirt Cabana Blue", $32.00 $70.00, https://www.ebay.com/itm/Outerknown-XL-Beach-Shirt-Cabana-Blue/223989005285?hash=item3426c8fbe5:g:0~MAAOSwcLlemxuY
"Mens Outerknown S.E.A Drifter Tapered Fit Jeans Size 31 x 31", $45.00, https://www.ebay.com/itm/Mens-Outerknown-S-E-A-Drifter-Tapered-Fit-Jeans-Size-31-x-31/143560808042?hash=item216ce4166a:g:pvgAAOSwRVRedZz1
"OUTERKNOWN Men's Short Sleeve Crew Tee Shirt Chest Pocket Yellow Striped Size M", $34.99, https://www.ebay.com/itm/OUTERKNOWN-Mens-Short-Sleeve-Crew-Tee-Shirt-Chest-Pocket-Yellow-Striped-Size-M/274320173185?hash=item3fdec1a881:g:fsUAAOSw4ohcOpGo
"Outerknown Mens size 33 Evolution Pocket Scallop Surf Trunk Board Walk short", $24.99, https://www.ebay.com/itm/Outerknown-Mens-size-33-Evolution-Pocket-Scallop-Surf-Trunk-Board-Walk-short/313062885439?hash=item48e400883f:g:76YAAOSw8mdeorXD
"Outerknown Baja Hoodie Pullover Jacket Shirt XL NEW $225 Sold Out", $74.00 $160.00, https://www.ebay.com/itm/Outerknown-Baja-Hoodie-Pullover-Jacket-Shirt-XL-NEW-225-Sold-Out/223986955321?hash=item3426a9b439:g:f9UAAOSw7ohemHYX
"Outerknown Adios Packable Jacket - Mens Size Medium", $60.00, https://www.ebay.com/itm/Outerknown-Adios-Packable-Jacket-Mens-Size-Medium/324121279361?hash=item4b77223b81:g:KyMAAOSw6VVeg4w4
"Outerknown Mens Hoodie Blue Long Sleeve Full Zip Sweater Top Size XL New", $55.25, https://www.ebay.com/itm/Outerknown-Mens-Hoodie-Blue-Long-Sleeve-Full-Zip-Sweater-Top-Size-XL-New/274341720202?hash=item3fe00a708a:g:qTMAAOSwpGpekK1O
"Outerknown OK Knit Tee XL Kelly Slater Surf T-shirt Cotton / Recycled Polyester", $23.00, https://www.ebay.com/itm/Outerknown-OK-Knit-Tee-XL-Kelly-Slater-Surf-T-shirt-Cotton-Recycled-Polyester/283783549402?hash=item4212d151da:g:w1gAAOSw~8leR6ic
"Outerknown S.E.A Legs Navy Slim (Size 30x32)", $50.00, https://www.ebay.com/itm/Outerknown-S-E-A-Legs-Navy-Slim-Size-30x32/124165944984?hash=item1ce8ddf698:g:bcMAAOSwPjNemr~Q
"Outerknown S.E.A Legs Grey Slim (Size 30x32)", $50.00, https://www.ebay.com/itm/Outerknown-S-E-A-Legs-Grey-Slim-Size-30x32/124165945641?hash=item1ce8ddf929:g:uVMAAOSwnhFemsQr
"Outerknown Pale Yellow Tomorrow Today Tee Men's Size XXL", $9.99, https://www.ebay.com/itm/Outerknown-Pale-Yellow-Tomorrow-Today-Tee-Mens-Size-XXL/303212705761?hash=item4698e2b7e1:g:CgoAAOSwNrNdFGGP
"OUTERKNOWN TRANSITIONAL FLANNEL Size Medium", $26.00, https://www.ebay.com/itm/OUTERKNOWN-TRANSITIONAL-FLANNEL-Size-Medium/193438092904?hash=item2d09cf0e68:g:6E8AAOSw92RepIpB
"OUTERKNOWN S.E.A. Pocket tee shirt men's new XL Heather Grey", $14.97, https://www.ebay.com/itm/OUTERKNOWN-S-E-A-Pocket-tee-shirt-mens-new-XL-Heather-Grey/184113950421?hash=item2ade0beed5:g:uxUAAOSwQTVeEO9u
"Outerknown by Kelly Slater Mens Tan Paz Pants, Size XL, $98, Recycled Cotton!!", $10.50, https://www.ebay.com/itm/Outerknown-by-Kelly-Slater-Mens-Tan-Paz-Pants-Size-XL-98-Recycled-Cotton/133390020405?hash=item1f0eaa2f35:g:fzMAAOSw2uhemxbg
"Levis X Outerknown Wellthread lined Mens Trucker Denim Jacket Size Medium NWT", $93.49, https://www.ebay.com/itm/Levis-X-Outerknown-Wellthread-lined-Mens-Trucker-Denim-Jacket-Size-Medium-NWT/164146555188?epid=19036307276&hash=item2637e5a934:g:Gs8AAOSwqOxehPDo
"NEW Levi's x OUTERKNOWN Wellthread Linen Blend Western Shirt Men's XXL", $49.99, https://www.ebay.com/itm/NEW-Levis-x-OUTERKNOWN-Wellthread-Linen-Blend-Western-Shirt-Mens-XXL/264527031762?hash=item3d970a2dd2:g:uLQAAOSwRiJdxndF
"Outerknown Ocotillo Shirt Size M Organic Cotton Long Sleeve Button NEW", $25.88, https://www.ebay.com/itm/Outerknown-Ocotillo-Shirt-Size-M-Organic-Cotton-Long-Sleeve-Button-NEW/303545154348?hash=item46acb37b2c:g:ttIAAOSwY2peilwv
"Levi’s Outerknown Men's Long Sleeve Shirt Size Large Cotton", $23.30, https://www.ebay.com/itm/Levi-s-Outerknown-Mens-Long-Sleeve-Shirt-Size-Large-Cotton/362971802538?hash=item5482ce2baa:g:GcoAAOSwjmhel8YI
"Outerknown Lost Coast Moleskin Shirt M Winter Sky Color", $15.50, https://www.ebay.com/itm/Outerknown-Lost-Coast-Moleskin-Shirt-M-Winter-Sky-Color/193429158053?hash=item2d0946b8a5:g:cHAAAOSwby1em3bc
"Outerknown Quilted Evolution Shirt Jacket", $28.00, https://www.ebay.com/itm/Outerknown-Quilted-Evolution-Shirt-Jacket/193429140351?hash=item2d0946737f:g:DyYAAOSwGIZem3Nt
"Outerknown shirt - Men's Medium (M)", $28.00, https://www.ebay.com/itm/Outerknown-shirt-Mens-Medium-M/193428836920?hash=item2d0941d238:g:hxAAAOSwRS1ef2PC
"OUTERKNOWN Men's XL Blue Chambray Long Sleeve Collared Shirt Hemp Cotton Blend", $27.98, https://www.ebay.com/itm/OUTERKNOWN-Mens-XL-Blue-Chambray-Long-Sleeve-Collared-Shirt-Hemp-Cotton-Blend/202974247831?hash=item2f42353b97:g:uGAAAOSwja5eoRhB
"MEN'S OUTERKNOWN BLUE & WHITE STRIPE SHORT SLEEVE SHIRT SZ LARGE", $15.00, https://www.ebay.com/itm/MENS-OUTERKNOWN-BLUE-WHITE-STRIPE-SHORT-SLEEVE-SHIRT-SZ-LARGE/233502441522?hash=item365dd48032:g:P20AAOSwYPpeUD0T
"NWT Outerknown Highland Blanket Shirt Jacket Size Medium Blue/Grey Wool Blend", $44.99, https://www.ebay.com/itm/NWT-Outerknown-Highland-Blanket-Shirt-Jacket-Size-Medium-Blue-Grey-Wool-Blend/303545133957?hash=item46acb32b85:g:4xcAAOSw0NZeilLQ
"outerknown henley mens small", $25.00, https://www.ebay.com/itm/outerknown-henley-mens-small/124157472121?hash=item1ce85cad79:g:A54AAOSwDFFek3Gg
"Outerknown Outbound Jacket Medium Black Harrington/Moto", $85.00, https://www.ebay.com/itm/Outerknown-Outbound-Jacket-Medium-Black-Harrington-Moto/303541331035?hash=item46ac79245b:g:VRwAAOSwGFVee3Jr
"Outerknown x Levis Sherpa Lined Trucker Jacket - Large, NWOT", $80.00 $120.00, https://www.ebay.com/itm/Outerknown-x-Levis-Sherpa-Lined-Trucker-Jacket-Large-NWOT/373021371633?hash=item56d9ce6cf1:g:HwYAAOSwyIlelk-P
"Levis X OUTERKNOWN WellThread Mens Sherpa Trucker Jacket Mineral Grey NWOT Size", $21.60, https://www.ebay.com/itm/Levis-X-OUTERKNOWN-WellThread-Mens-Sherpa-Trucker-Jacket-Mineral-Grey-NWOT-Size/184256088961?hash=item2ae684cb81:g:1g4AAOSwoLFemKK9
"Outerknown Men's M Essential Button Down Shirt Charcoal Gray", $39.99, https://www.ebay.com/itm/Outerknown-Mens-M-Essential-Button-Down-Shirt-Charcoal-Gray/233564892588?hash=item36618d6dac:g:DkEAAOSw3AdenQC3
"Outerknown S/S Oxford Shirt - Kelly Slater Brand Mens L/M", $16.99, https://www.ebay.com/itm/Outerknown-S-S-Oxford-Shirt-Kelly-Slater-Brand-Mens-L-M/324133360261?hash=item4b77da9285:g:flcAAOSwtPNekoGd
"OUTERKNOWN Mens Paz Pants Size Medium Black Stretch Tie Waist Slim", $25.00, https://www.ebay.com/itm/OUTERKNOWN-Mens-Paz-Pants-Size-Medium-Black-Stretch-Tie-Waist-Slim/153902544449?hash=item23d54e7641:g:bK8AAOSwVJFeMmP-
"Outerknown Men Chino Shorts Organic Cotton Hemp Elastic Waist Pocket Gray Medium", $47.99, https://www.ebay.com/itm/Outerknown-Men-Chino-Shorts-Organic-Cotton-Hemp-Elastic-Waist-Pocket-Gray-Medium/392736757238?hash=item5b70ef55f6:g:gxAAAOSwoSxeePrW
"Outerknown Mens Paz Relaxed Taper Fit Pants Shadow Grey XL New", $34.99, https://www.ebay.com/itm/Outerknown-Mens-Paz-Relaxed-Taper-Fit-Pants-Shadow-Grey-XL-New/362910961977?hash=item547f2dd139:g:eCgAAOSwyGpd582T
"Outerknown Mens Sweater Small", $45.00, https://www.ebay.com/itm/Outerknown-Mens-Sweater-Small/124150560417?hash=item1ce7f336a1:g:rPUAAOSw6BpeiRO0
"NWT OUTERKNOWN Levis 502 Denim Jeans Men Size 36 x 32 MSRP $128.00", $23.97, https://www.ebay.com/itm/NWT-OUTERKNOWN-Levis-502-Denim-Jeans-Men-Size-36-x-32-MSRP-128-00/184105136541?hash=item2add85719d:g:QC4AAOSwdvxeCZQD
"Levis Men's Outerknown Wellthread Lined Trucker Denim Jean Jacket Blue Size XXL", $78.49, https://www.ebay.com/itm/Levis-Mens-Outerknown-Wellthread-Lined-Trucker-Denim-Jean-Jacket-Blue-Size-XXL/124126792406?hash=item1ce6888ad6:g:7xMAAOSwQZFeEpd2
"Outerknown by Kelly Slater Mens Grey Paz Pants, Size XL, $98, Recycled Hemp!!", $10.50, https://www.ebay.com/itm/Outerknown-by-Kelly-Slater-Mens-Grey-Paz-Pants-Size-XL-98-Recycled-Hemp/133379398222?hash=item1f0e081a4e:g:YPAAAOSwIuNedjr~
"Levis X Outerknown Mens Sherpa Trucker Jacket Mineral Grey Well Thread NEW SizeM", $175.00, https://www.ebay.com/itm/Levis-X-Outerknown-Mens-Sherpa-Trucker-Jacket-Mineral-Grey-Well-Thread-NEW-SizeM/153356295306?hash=item23b4bf5c8a:g:jiwAAOSwGWJcT60X
"Outerknown Blanket Shirt package (Two Shirts)", $99.00, https://www.ebay.com/itm/Outerknown-Blanket-Shirt-package-Two-Shirts/114185749811?hash=item1a96004533:g:F3AAAOSwS3delOqM
"OUTERKNOWN H2OK Long Sleeve 30 UPF Men’s Tee Shirt L Black", $14.97, https://www.ebay.com/itm/OUTERKNOWN-H2OK-Long-Sleeve-30-UPF-Men-s-Tee-Shirt-L-Black/184104861772?hash=item2add81404c:g:BAYAAOSwWkdeCU-c
"Levis Outerknown Western Blue Overdyed Button Front Shirt Men’s Size Large", $29.00, https://www.ebay.com/itm/Levis-Outerknown-Western-Blue-Overdyed-Button-Front-Shirt-Men-s-Size-Large/303503055314?hash=item46aa3119d2:g:PT4AAOSwdAleWz4D
"Outerknown "S.E.A." Shirt Size M Organic Cotton Long Sleeve Button NEW", $34.99, https://www.ebay.com/itm/Outerknown-S-E-A-Shirt-Size-M-Organic-Cotton-Long-Sleeve-Button-NEW/303532721240?hash=item46abf5c458:g:ouAAAOSw0Xheilfh
"Levis Mens 511 Wellthread X Outerknown Dark Denim Jeans Tag Size 34X36", $82.85, https://www.ebay.com/itm/Levis-Mens-511-Wellthread-X-Outerknown-Dark-Denim-Jeans-Tag-Size-34X36/174222513746?hash=item2890789652:g:vTYAAOSwTNBdl27h
"New Levi's x OUTERKNOWN Wellthread Western Shirt Mens Size XL Tan 215490010", $58.49, https://www.ebay.com/itm/New-Levis-x-OUTERKNOWN-Wellthread-Western-Shirt-Mens-Size-XL-Tan-215490010/113897627420?hash=item1a84d3df1c:g:elQAAOSwVildhr9~
"NWT Levis x Outerknown Western L/S Button Front Shirt Men’s Size Medium", $44.99, https://www.ebay.com/itm/NWT-Levis-x-Outerknown-Western-L-S-Button-Front-Shirt-Men-s-Size-Medium/293365269377?hash=item444deec381:g:evsAAOSwj-5d5X1C
"Outerknown Mens Hoodie Blue Long Sleeve Full Zip Sweater Top Size XL New", $55.25, https://www.ebay.com/itm/Outerknown-Mens-Hoodie-Blue-Long-Sleeve-Full-Zip-Sweater-Top-Size-XL-New/274332984683?hash=item3fdf85256b:g:qTMAAOSwpGpekK1O
"OUTERKNOWN S.E.A. Pocket tee shirt men's new L", $11.97, https://www.ebay.com/itm/OUTERKNOWN-S-E-A-Pocket-tee-shirt-mens-new-L/184108265649?hash=item2addb530b1:g:mcUAAOSwXq5eDUM1
"outerknown medium Men’s Sweatshirt Black", $45.00, https://www.ebay.com/itm/outerknown-medium-Men-s-Sweatshirt-Black/153840829372?hash=item23d1a0c3bc:g:ArsAAOSwiaJeUFUT
"Outerknown x Levi's Wellthread Sherpa Lined Trucker - Medium", $33.01, https://www.ebay.com/itm/Outerknown-x-Levis-Wellthread-Sherpa-Lined-Trucker-Medium/254558293037?hash=item3b44db4c2d:g:FnEAAOSwPlFehefV
"NWT Outerknown Blanket Shirt Size Medium Kelly Slater Brand Sustainable Clothing", $79.00, https://www.ebay.com/itm/NWT-Outerknown-Blanket-Shirt-Size-Medium-Kelly-Slater-Brand-Sustainable-Clothing/133382659160?hash=item1f0e39dc58:g:h6AAAOSwKKBeU15y
"NWT Outerknown Blanket Shirt Size Medium Kelly Slater Brand Sustainable Clothing", $75.00, https://www.ebay.com/itm/NWT-Outerknown-Blanket-Shirt-Size-Medium-Kelly-Slater-Brand-Sustainable-Clothing/133382658432?hash=item1f0e39d980:g:SysAAOSwsjVeU14O
"Outerknown Navy Blue Short Sleeve Oxford Shirt Size Large", $35.00, https://www.ebay.com/itm/Outerknown-Navy-Blue-Short-Sleeve-Oxford-Shirt-Size-Large/264688645973?hash=item3da0ac3755:g:SkEAAOSwiFBeh2zK
"MEN'S OUTERKNOWN GRAY SURFBOARD GRAPHIC SHORT SLEEVE T-SHIRT SZ M", $17.40, https://www.ebay.com/itm/MENS-OUTERKNOWN-GRAY-SURFBOARD-GRAPHIC-SHORT-SLEEVE-T-SHIRT-SZ-M/233502437558?hash=item365dd470b6:g:7JAAAOSwEy1eUDw-
"Kelly Slater's OUTERKNOWN Organic Cotton Nomadic Polo Men’s Shirt XL Black", $15.00, https://www.ebay.com/itm/Kelly-Slaters-OUTERKNOWN-Organic-Cotton-Nomadic-Polo-Men-s-Shirt-XL-Black/362963108030?hash=item54824980be:g:HgkAAOSw6yBee3Ej
"Outerknown Mens Navy Puffer Jacket Size Large", $33.00, https://www.ebay.com/itm/Outerknown-Mens-Navy-Puffer-Jacket-Size-Large/114164469337?hash=item1a94bb8e59:g:E68AAOSwqUteg4ZR
"Outerknown Men’s S.E.A. Buttondown Organic Shirt Large BNWT", $33.00, https://www.ebay.com/itm/Outerknown-Men-s-S-E-A-Buttondown-Organic-Shirt-Large-BNWT/164145016050?hash=item2637ce2cf2:g:HocAAOSwmj5eg2zw
"Levis Outerknown Wellthread Trucker Jacket LARGE New with tags $185 MSRP", $99.99, https://www.ebay.com/itm/Levis-Outerknown-Wellthread-Trucker-Jacket-LARGE-New-with-tags-185-MSRP/324047423365?hash=item4b72bb4785:g:7uYAAOSwApleJMdD
"OUTERKNOWN Men's S/S T-Shirt TRIPPY - SMK - Medium - NWT LAST ONE LEFT", $33.00, https://www.ebay.com/itm/OUTERKNOWN-Mens-S-S-T-Shirt-TRIPPY-SMK-Medium-NWT-LAST-ONE-LEFT/352988601845?hash=item522fc29df5:g:NUoAAOSw63td7-9H
"Brand New Outerknown Men's Organic Cotton Heavy Twill Long-Sleeve Shirt - Large", $79.37, https://www.ebay.com/itm/Brand-New-Outerknown-Mens-Organic-Cotton-Heavy-Twill-Long-Sleeve-Shirt-Large/283751740723?hash=item4210ebf533:g:8QwAAOSw6INeJr3t
"OUTERKNOWN Organic Cotton Button Down Short Sleeve", $35.00, https://www.ebay.com/itm/OUTERKNOWN-Organic-Cotton-Button-Down-Short-Sleeve/124035194674?hash=item1ce112df32:g:8eoAAOSwhQpeEnhE
"NWT OUTERKNOWN Men's S.E.A Tee XL Light Blue Short Sleeve Crew Neck Shirt Sea", $18.00, https://www.ebay.com/itm/NWT-OUTERKNOWN-Mens-S-E-A-Tee-XL-Light-Blue-Short-Sleeve-Crew-Neck-Shirt-Sea/184162022786?hash=item2ae0e97582:g:Ee0AAOSwc7teObvU
"Men’s Outerknown Transitional Flannel Organic Cotton Shirt XL Black", $25.00, https://www.ebay.com/itm/Men-s-Outerknown-Transitional-Flannel-Organic-Cotton-Shirt-XL-Black/362954937837?hash=item5481ccd5ed:g:IGQAAOSwAD5ee3OK
"Outerknown terry pocket crewneck", $39.00, https://www.ebay.com/itm/Outerknown-terry-pocket-crewneck/133372444486?hash=item1f0d9dff46:g:pS4AAOSwqR5eSK15
"Levis X Outerknown Wellthread lined Mens Trucker Denim Jacket Size Small NWT", $98.99, https://www.ebay.com/itm/Levis-X-Outerknown-Wellthread-lined-Mens-Trucker-Denim-Jacket-Size-Small-NWT/164146579207?epid=12037666511&hash=item2637e60707:g:kFAAAOSwKpdehPE8
"Levis Outerknown Trucker Jean Jacket Wellthread Mens XL", $89.50, https://www.ebay.com/itm/Levis-Outerknown-Trucker-Jean-Jacket-Wellthread-Mens-XL/273793922008?hash=item3fbf63b3d8:g:qecAAOSwe9VcATrP
"RARE Levis Outerknown 511 Slim Dark Wash Poly Cotton Denim Jeans 34x32 NICE!", $29.99, https://www.ebay.com/itm/RARE-Levis-Outerknown-511-Slim-Dark-Wash-Poly-Cotton-Denim-Jeans-34x32-NICE/353024964233?hash=item5231ed7689:g:CyIAAOSwbklefmu6
"Outerknown - Pocket Evolution Trunk - Size: 29 Colour: Blue", $1.80 $16.00, https://www.ebay.com/itm/Outerknown-Pocket-Evolution-Trunk-Size-29-Colour-Blue/164138587604?hash=item26376c15d4:g:fYMAAOSw8FxecnMZ
"Outerknown Men's L Large Army Green Nomadic Oxford Shirt Organic Cotton EUC", $44.99, https://www.ebay.com/itm/Outerknown-Mens-L-Large-Army-Green-Nomadic-Oxford-Shirt-Organic-Cotton-EUC/143528094322?hash=item216af0ea72:g:O0kAAOSwudBdSpHn
"Outerknown "S.E.A." Shirt Size M Organic Cotton Long Sleeve Button Front", $38.00, https://www.ebay.com/itm/Outerknown-S-E-A-Shirt-Size-M-Organic-Cotton-Long-Sleeve-Button-Front/124084275810?hash=item1ce3ffca62:g:ds8AAOSwy2BeR5ja
"Catch Surf by Odysea Surfboards, Palm Tree Tuxedo Shirt NWT, $70 Outerknown, XL", $9.99 $49.99, https://www.ebay.com/itm/Catch-Surf-by-Odysea-Surfboards-Palm-Tree-Tuxedo-Shirt-NWT-70-Outerknown-XL/353012069272?hash=item523128b398:g:AhgAAOSw-89dyqfU
"Outerknown by Kelly Slater Mens Grey Paz Pants, Size XL, $98, Recycled Hemp!!", $9.50, https://www.ebay.com/itm/Outerknown-by-Kelly-Slater-Mens-Grey-Paz-Pants-Size-XL-98-Recycled-Hemp/353015806379?hash=item523161b9ab:g:YPAAAOSwIuNedjr~
"OUTERKNOWN Men’s LARGE jetlag crew neck cotton / alpaca Navy Blue sweater L Peru", $65.25, https://www.ebay.com/itm/OUTERKNOWN-Men-s-LARGE-jetlag-crew-neck-cotton-alpaca-Navy-Blue-sweater-L-Peru/333544947275?hash=item4da8d3fe4b:g:ymUAAOSwZ41ea~3C
"Outerknown Blue Chinos Pants Size 34 Kelly Slater", $8.80, https://www.ebay.com/itm/Outerknown-Blue-Chinos-Pants-Size-34-Kelly-Slater/303525725314?hash=item46ab8b0482:g:V-0AAOSwIlBefrEn
"Outerknown Fisherman Sweater cable knit organic cotton size Medium Kelly Slater", $20.50, https://www.ebay.com/itm/Outerknown-Fisherman-Sweater-cable-knit-organic-cotton-size-Medium-Kelly-Slater/174227037424?hash=item2890bd9cf0:g:ls8AAOSwvXNedpqo
"NWT Outerknown Highland Blanket Shirt Jacket Size Large Plaid Wool Blend", $100.00, https://www.ebay.com/itm/NWT-Outerknown-Highland-Blanket-Shirt-Jacket-Size-Large-Plaid-Wool-Blend/223956339452?hash=item3424d68afc:g:3WcAAOSwp6RedAqS
"OUTERKNOWN Hemp/Organic Cotton Crew Neck Long Sleeved Heavy Knit Top Raw Edge- L", $20.00, https://www.ebay.com/itm/OUTERKNOWN-Hemp-Organic-Cotton-Crew-Neck-Long-Sleeved-Heavy-Knit-Top-Raw-Edge-L/233511423421?hash=item365e5d8dbd:g:ArUAAOSwk9xeXBTo
"Outerknown Men's S.E.A. SHIRT Golden Sun Dot Short Sleeves Top Organic Cotton M", $29.99, https://www.ebay.com/itm/Outerknown-Mens-S-E-A-SHIRT-Golden-Sun-Dot-Short-Sleeves-Top-Organic-Cotton-M/202940305210?hash=item2f402f4f3a:g:omIAAOSwUOJeI4sE
"Outerknown - Ashland Check Camp Shirt. NWT. Size: Medium Colour: MZA", $51.67, https://www.ebay.com/itm/Outerknown-Ashland-Check-Camp-Shirt-NWT-Size-Medium-Colour-MZA/273923951068?hash=item3fc723c9dc:g:gBUAAOSw2GJaia4U
"Levi’s Wellthread X Outerknown Men’s Small Trucker, Limited Edition & Sold Out", $65.00, https://www.ebay.com/itm/Levi-s-Wellthread-X-Outerknown-Men-s-Small-Trucker-Limited-Edition-Sold-Out/254532698049?hash=item3b4354bfc1:g:yFEAAOSwgnteYbuU
"Outerknown Olive Green Chinos Pants Size 34 Kelly Slater", $18.49, https://www.ebay.com/itm/Outerknown-Olive-Green-Chinos-Pants-Size-34-Kelly-Slater/303520542147?hash=item46ab3bedc3:g:-fEAAOSwwmpedmUg
"Outerknown Bathing Suit Size Large L Blue Kelly Slater", $8.50, https://www.ebay.com/itm/Outerknown-Bathing-Suit-Size-Large-L-Blue-Kelly-Slater/303520540513?hash=item46ab3be761:g:mhEAAOSw4E5edmSm
"Levis X Outerknown Wellthread Lined Trucker Denim Jean Jacket Blue Size Small", $77.99, https://www.ebay.com/itm/Levis-X-Outerknown-Wellthread-Lined-Trucker-Denim-Jean-Jacket-Blue-Size-Small/124011360434?hash=item1cdfa730b2:g:5zwAAOSwrvtd9ZR5
"Brand New Levi's Outerknown Wellthread Lined Trucker Denim Jacket Size Small", $65.50, https://www.ebay.com/itm/Brand-New-Levis-Outerknown-Wellthread-Lined-Trucker-Denim-Jacket-Size-Small/383391975321?hash=item5943f14799:g:hWcAAOSwrvteLgyB
"OUTERKNOWN Mens Black T Shirt Short Sleeve NEW Medium", $12.00, https://www.ebay.com/itm/OUTERKNOWN-Mens-Black-T-Shirt-Short-Sleeve-NEW-Medium/153870064820?hash=item23d35edcb4:g:KykAAOSwqFVecuj0
"new Levi's Outerknown men shirt long sleeve 215490010 beige sz S $128", $49.99, https://www.ebay.com/itm/new-Levis-Outerknown-men-shirt-long-sleeve-215490010-beige-sz-S-128/333543088599?hash=item4da8b7a1d7:g:hEUAAOSwLRpeacQn
"Outerknown Mens Paz Relaxed Taper Fit Pants Cobalt XL New", $34.99, https://www.ebay.com/itm/Outerknown-Mens-Paz-Relaxed-Taper-Fit-Pants-Cobalt-XL-New/362838686393?hash=item547adefab9:g:T~kAAOSw3iFd5813
"Outerknown Highland Blanket Shirt Jacket Sz Small Blue Wool Blend Long Sleeve", $38.00, https://www.ebay.com/itm/Outerknown-Highland-Blanket-Shirt-Jacket-Sz-Small-Blue-Wool-Blend-Long-Sleeve/202942334930?hash=item2f404e47d2:g:H~sAAOSwDkledqqh
"Levi’s Wellthread Outerknown Shirt Medium M Western Mens Button Up Green New", $49.00, https://www.ebay.com/itm/Levi-s-Wellthread-Outerknown-Shirt-Medium-M-Western-Mens-Button-Up-Green-New/114153502140?hash=item1a941435bc:g:gi8AAOSwmAheYFT8
"NWOT $100+ Levis Wellthread X Outerknown Linen Blend Western Shirt Sz Small", $39.75, https://www.ebay.com/itm/NWOT-100-Levis-Wellthread-X-Outerknown-Linen-Blend-Western-Shirt-Sz-Small/333530131706?hash=item4da7f1ecfa:g:2w0AAOSw7BBeWWMf
"Outerknown Sur Snap Hoodie size Large", $49.00, https://www.ebay.com/itm/Outerknown-Sur-Snap-Hoodie-size-Large/264668133970?hash=item3d9f733a52:g:2r8AAOSwcLlebjrk
"OUTERKNOWN NOMADIC COAST PANT - Size 31 OLIVE, GREEN - Waist 32" Inseam 31"", $34.99, https://www.ebay.com/itm/OUTERKNOWN-NOMADIC-COAST-PANT-Size-31-OLIVE-GREEN-Waist-32-Inseam-31/173622970612?hash=item286cbc48f4:g:G1MAAOSw-nRb3xKb
"Levi’s X Outerknown Men's Long Sleeve Shirt Size Med Cotton Linen Wellthread", $43.00, https://www.ebay.com/itm/Levi-s-X-Outerknown-Mens-Long-Sleeve-Shirt-Size-Med-Cotton-Linen-Wellthread/164070714266?hash=item2633606b9a:g:u~QAAOSwAMVePMlr
"NWT Outerknown S.E.A. Mens DRIFTER Organic Tapered Fit Jeans Mirage 32/30 NEW", $27.60, https://www.ebay.com/itm/NWT-Outerknown-S-E-A-Mens-DRIFTER-Organic-Tapered-Fit-Jeans-Mirage-32-30-NEW/274306880099?hash=item3fddf6d263:g:20sAAOSw9h5ebTF9
"OUTERKNOWN Men's Ditch Hemp & Organic Cotton Denim Pants Blue Sz 30 (actual 32”", $38.00, https://www.ebay.com/itm/OUTERKNOWN-Mens-Ditch-Hemp-Organic-Cotton-Denim-Pants-Blue-Sz-30-actual-32/254511273258?hash=item3b420dd52a:g:FkgAAOSwk5FeHXTE
"Outerknown Grey Soft Chinos 34 S.E.A. Legs Pants Kelly Slater", $5.50, https://www.ebay.com/itm/Outerknown-Grey-Soft-Chinos-34-S-E-A-Legs-Pants-Kelly-Slater/303515493772?hash=item46aaeee58c:g:X44AAOSwjdFebqlH
"Mens Outerknown S.E.A Drifter Tapered Fit Jeans Size 31 x 31", $45.00, https://www.ebay.com/itm/Mens-Outerknown-S-E-A-Drifter-Tapered-Fit-Jeans-Size-31-x-31/133366907115?hash=item1f0d4980eb:g:564AAOSwOmBedWT-
"Outerknown Board Shorts Olive Green 34 Kelly Slater", $7.20, https://www.ebay.com/itm/Outerknown-Board-Shorts-Olive-Green-34-Kelly-Slater/303515396083?hash=item46aaed67f3:g:QDEAAOSwoGdebo1~
"Outerknown Sample Sale Drawstring Shorts Striped 34 Kelly Slater", $8.75, https://www.ebay.com/itm/Outerknown-Sample-Sale-Drawstring-Shorts-Striped-34-Kelly-Slater/303515392670?hash=item46aaed5a9e:g:HkQAAOSwd5Feboxt
"Outerknown Olive Green Shorts 34 Kelly Slater", $6.50, https://www.ebay.com/itm/Outerknown-Olive-Green-Shorts-34-Kelly-Slater/303515389071?hash=item46aaed4c8f:g:xbYAAOSwnWFebouS
"Outerknown x Levis wellthread Western Button Down shirt size small", $29.99, https://www.ebay.com/itm/Outerknown-x-Levis-wellthread-Western-Button-Down-shirt-size-small/164128771787?hash=item2636d64ecb:g:4SMAAOSwnTBeaDSB
"OUTERKNOWN Nomadic Polo Men’s Shirt XL Blue", $20.97, https://www.ebay.com/itm/OUTERKNOWN-Nomadic-Polo-Men-s-Shirt-XL-Blue/184111982430?hash=item2addede75e:g:igsAAOSwYUpeC5qE
"Men’s Outerknown Transitional Flannel Shirt Medium Gold New with tags", $25.00, https://www.ebay.com/itm/Men-s-Outerknown-Transitional-Flannel-Shirt-Medium-Gold-New-with-tags/333546132368?hash=item4da8e61390:g:Q1IAAOSwvXRebVT2
"Outerknown Blanket Shirt Flannel Dark Red Brown Brick Stripe Mens Size XL $148", $60.00, https://www.ebay.com/itm/Outerknown-Blanket-Shirt-Flannel-Dark-Red-Brown-Brick-Stripe-Mens-Size-XL-148/264648650971?hash=item3d9e49f0db:g:l18AAOSw9fleVxP6
"Outerknown Men Blanket Shirt multicolor stripe Size XL", $54.99, https://www.ebay.com/itm/Outerknown-Men-Blanket-Shirt-multicolor-stripe-Size-XL/303517999959?hash=item46ab152357:g:WXEAAOSw9h5ecljT
"Outerknown Portal Pocket Tee Men's Size M", $19.00, https://www.ebay.com/itm/Outerknown-Portal-Pocket-Tee-Mens-Size-M/283653624049?hash=item420b12d0f1:g:-vcAAOSwlPFdsmFY
"Outerknown sz S Flannel Blanket Shirt, Organic, Sustainable Cotton BNWT", $49.99, https://www.ebay.com/itm/Outerknown-sz-S-Flannel-Blanket-Shirt-Organic-Sustainable-Cotton-BNWT/223941260449?hash=item3423f074a1:g:Kr0AAOSwemdeZdDj
"Outerknown Blue Shorts 34 Kelly Slater", $5.00, https://www.ebay.com/itm/Outerknown-Blue-Shorts-34-Kelly-Slater/303515390562?hash=item46aaed5262:g:SF0AAOSwC4xebowJ
"Levis 511 Outerknown Rinse 30x30", $10.00, https://www.ebay.com/itm/Levis-511-Outerknown-Rinse-30x30/193378936701?hash=item2d0648677d:g:bBsAAOSwFfleaYHc
"OUTERKNOWN Mens Paz Pants Size Medium Black Stretch Tie Waist Slim", $45.00, https://www.ebay.com/itm/OUTERKNOWN-Mens-Paz-Pants-Size-Medium-Black-Stretch-Tie-Waist-Slim/153814912775?hash=item23d0154f07:g:bK8AAOSwVJFeMmP-
"Mens Outerknown Shirt Jacket Wool Nylon Large", $27.00, https://www.ebay.com/itm/Mens-Outerknown-Shirt-Jacket-Wool-Nylon-Large/174217162033?hash=item289026ed31:g:JGQAAOSwFqJeaSJc
"Levis X Outerknown Well thread Lined Trucker Jacket LARGE New Outer Known $185", $80.00, https://www.ebay.com/itm/Levis-X-Outerknown-Well-thread-Lined-Trucker-Jacket-LARGE-New-Outer-Known-185/124116716152?hash=item1ce5eeca78:g:UJ0AAOSwEbheSq22
"Levi's Wellthread x Outerknown Men's Trucker Denim Hemp Jean Jacket NEW NWT LRG", $54.95, https://www.ebay.com/itm/Levis-Wellthread-x-Outerknown-Mens-Trucker-Denim-Hemp-Jean-Jacket-NEW-NWT-LRG/264661650228?hash=item3d9f104b34:g:SggAAOSw4e1dPVef
"Outerknown Sample Sale Jeans 34x32 Kelly Slater", $5.00, https://www.ebay.com/itm/Outerknown-Sample-Sale-Jeans-34x32-Kelly-Slater/303515383842?hash=item46aaed3822:g:rYMAAOSwtixebopf
"Nwt Mens Outerknown Blanket Shirt Xl New Plaid Flannel", $84.99, https://www.ebay.com/itm/Nwt-Mens-Outerknown-Blanket-Shirt-Xl-New-Plaid-Flannel/223899425899?hash=item3421721c6b:g:KwEAAOSwl9xePumI
"Nwt Mens Outerknown Blanket Shirt Xl New Flannel Plaid", $84.99, https://www.ebay.com/itm/Nwt-Mens-Outerknown-Blanket-Shirt-Xl-New-Flannel-Plaid/223899430085?hash=item3421722cc5:g:HK0AAOSwFOlePuqA
"OUTERKNOWN Men's Size XL Short Sleeve Button Down Shirt Cotton Blue", $35.00, https://www.ebay.com/itm/OUTERKNOWN-Mens-Size-XL-Short-Sleeve-Button-Down-Shirt-Cotton-Blue/223901698583?hash=item342194ca17:g:AkoAAOSwN4BeQH46
"Outerknown Blanket Shirt Size L In Paprika Bodega Plaid Best Flannel Made", $75.00, https://www.ebay.com/itm/Outerknown-Blanket-Shirt-Size-L-In-Paprika-Bodega-Plaid-Best-Flannel-Made/283808941477?hash=item421454c5a5:g:-aEAAOSw1dVeZa9U
"Outerknown Blanket Shirt Size L In Mallard Bodega Plaid Best Flannel", $71.00, https://www.ebay.com/itm/Outerknown-Blanket-Shirt-Size-L-In-Mallard-Bodega-Plaid-Best-Flannel/283808934001?hash=item421454a871:g:3Z4AAOSwChheZa1E
"New $128 Levis WellThread X Outerknown Refibra Rinse 511 Slim Fit Mens Jeans", $49.98, https://www.ebay.com/itm/New-128-Levis-WellThread-X-Outerknown-Refibra-Rinse-511-Slim-Fit-Mens-Jeans/113700905303?hash=item1a791a2157:g:tvcAAOSw2S9cnWC7
"NWT Levi’s x Outerknown Wellthread Cotton Linen Trucker Jacket Size SMALL", $89.99, https://www.ebay.com/itm/NWT-Levi-s-x-Outerknown-Wellthread-Cotton-Linen-Trucker-Jacket-Size-SMALL/133057515964?epid=0&hash=item1efad891bc:g:jusAAOSwXC1c4gCF
"Outerknown Stringer Seersucker Pant - Marine - Men's Small", $19.99, https://www.ebay.com/itm/Outerknown-Stringer-Seersucker-Pant-Marine-Mens-Small/324032498968?hash=item4b71d78d18:g:19MAAOSwnhpdz15A
"NWT Mens Banks Journal Catamaran Quick Dry Walk Short 32 Rhythm Outerknown Trunk", $20.00, https://www.ebay.com/itm/NWT-Mens-Banks-Journal-Catamaran-Quick-Dry-Walk-Short-32-Rhythm-Outerknown-Trunk/133348023687?hash=item1f0c295d87:g:Ce4AAOSwDdxeWrVP
